{"ast/animation/21928-folder.json":["ast/animation/21928-folder.json"],"ast/animation/28595-website-building-lottie-animation.json":["ast/animation/28595-website-building-lottie-animation.json"],"ast/animation/5473-loading-21-pencil.json":["ast/animation/5473-loading-21-pencil.json"],"ast/animation/57979-delete.json":["ast/animation/57979-delete.json"],"ast/animation/64947-working-man.json":["ast/animation/64947-working-man.json"],"ast/animation/94539-order-history.json":["ast/animation/94539-order-history.json"],"ast/ft/b1.ttf":["ast/ft/b1.ttf"],"ast/ft/s1.ttf":["ast/ft/s1.ttf"],"ast/ft/s2.ttf":["ast/ft/s2.ttf"],"ast/ft/s3.ttf":["ast/ft/s3.ttf"],"ast/ft/s4.ttf":["ast/ft/s4.ttf"],"packages/cupertino_icons/assets/CupertinoIcons.ttf":["packages/cupertino_icons/assets/CupertinoIcons.ttf"]}