{"v":"4.8.0","meta":{"g":"LottieFiles AE 1.0.0","a":"","k":"","d":"","tc":""},"fr":60,"ip":19,"op":181,"w":1920,"h":1920,"nm":"Hashtag Loader","ddd":0,"assets":[],"layers":[{"ddd":0,"ind":1,"ty":3,"nm":"Control 1","sr":1,"ks":{"o":{"a":0,"k":0,"ix":11},"r":{"a":0,"k":-270,"ix":10},"p":{"a":0,"k":[944,940,0],"ix":2},"a":{"a":0,"k":[0,0,0],"ix":1},"s":{"a":1,"k":[{"i":{"x":[0.091,0.091,0.667],"y":[1,1,1]},"o":{"x":[0.623,0.623,0.333],"y":[0,0,0]},"t":7,"s":[100,100,100]},{"i":{"x":[0.119,0.119,0.667],"y":[1,1,1]},"o":{"x":[0.587,0.587,0.333],"y":[0,0,0]},"t":47,"s":[104.011,104.011,100]},{"i":{"x":[0.053,0.053,0.667],"y":[1,1,1]},"o":{"x":[0.734,0.734,0.333],"y":[0,0,0]},"t":88,"s":[100,100,100]},{"i":{"x":[0.226,0.226,0.667],"y":[1,1,1]},"o":{"x":[0.503,0.503,0.333],"y":[0,0,0]},"t":121,"s":[104.011,104.011,100]},{"i":{"x":[0.05,0.05,0.667],"y":[1,1,1]},"o":{"x":[0.843,0.843,0.333],"y":[0,0,0]},"t":168,"s":[100,100,100]},{"t":203,"s":[100,100,100]}],"ix":6}},"ao":0,"ip":0,"op":606,"st":6,"bm":0},{"ddd":0,"ind":2,"ty":4,"nm":"Ball 32","parent":1,"sr":1,"ks":{"o":{"a":0,"k":100,"ix":11},"r":{"a":0,"k":0,"ix":10},"p":{"s":true,"x":{"a":0,"k":440,"ix":3},"y":{"a":1,"k":[{"i":{"x":[0.144],"y":[0.994]},"o":{"x":[0.965],"y":[0]},"t":20,"s":[167.018]},{"i":{"x":[0],"y":[1]},"o":{"x":[0.779],"y":[-0.009]},"t":50,"s":[-257]},{"i":{"x":[0.667],"y":[1]},"o":{"x":[0.167],"y":[0]},"t":100,"s":[167.018]},{"i":{"x":[0.144],"y":[0.994]},"o":{"x":[0.965],"y":[0]},"t":101,"s":[167.018]},{"i":{"x":[0],"y":[1]},"o":{"x":[0.779],"y":[-0.009]},"t":131,"s":[-257]},{"i":{"x":[0.667],"y":[1]},"o":{"x":[0.167],"y":[0]},"t":181,"s":[167.018]},{"i":{"x":[0.144],"y":[0.994]},"o":{"x":[0.965],"y":[0]},"t":182,"s":[167.018]},{"i":{"x":[0],"y":[1]},"o":{"x":[0.779],"y":[-0.009]},"t":212,"s":[-257]},{"t":262,"s":[167.018]}],"ix":4}},"a":{"a":0,"k":[0,0,0],"ix":1},"s":{"a":0,"k":[30,30,100],"ix":6}},"ao":0,"shapes":[{"ty":"gr","it":[{"d":1,"ty":"el","s":{"a":0,"k":[200,200],"ix":2},"p":{"a":0,"k":[0,0],"ix":3},"nm":"Ellipse Path 1","mn":"ADBE Vector Shape - Ellipse","hd":false},{"ty":"st","c":{"a":0,"k":[1,1,1,1],"ix":3},"o":{"a":0,"k":100,"ix":4},"w":{"a":0,"k":0,"ix":5},"lc":1,"lj":1,"ml":4,"bm":0,"nm":"Stroke 1","mn":"ADBE Vector Graphic - Stroke","hd":false},{"ty":"fl","c":{"a":0,"k":[0.380392126944,0.74486730239,1,1],"ix":4},"o":{"a":0,"k":100,"ix":5},"r":1,"bm":0,"nm":"Fill 1","mn":"ADBE Vector Graphic - Fill","hd":false},{"ty":"tr","p":{"a":0,"k":[0,0],"ix":2},"a":{"a":0,"k":[0,0],"ix":1},"s":{"a":0,"k":[100,100],"ix":3},"r":{"a":0,"k":0,"ix":6},"o":{"a":0,"k":100,"ix":7},"sk":{"a":0,"k":0,"ix":4},"sa":{"a":0,"k":0,"ix":5},"nm":"Transform"}],"nm":"Group 1","np":3,"cix":2,"bm":0,"ix":1,"mn":"ADBE Vector Group","hd":false}],"ip":0,"op":620,"st":20,"bm":0},{"ddd":0,"ind":3,"ty":4,"nm":"Ball 31","parent":1,"sr":1,"ks":{"o":{"a":0,"k":100,"ix":11},"r":{"a":0,"k":0,"ix":10},"p":{"s":true,"x":{"a":0,"k":320,"ix":3},"y":{"a":1,"k":[{"i":{"x":[0.144],"y":[0.994]},"o":{"x":[0.965],"y":[0]},"t":18,"s":[167.018]},{"i":{"x":[0],"y":[1]},"o":{"x":[0.779],"y":[-0.009]},"t":48,"s":[-257]},{"i":{"x":[0.667],"y":[1]},"o":{"x":[0.167],"y":[0]},"t":98,"s":[167.018]},{"i":{"x":[0.144],"y":[0.994]},"o":{"x":[0.965],"y":[0]},"t":99,"s":[167.018]},{"i":{"x":[0],"y":[1]},"o":{"x":[0.779],"y":[-0.009]},"t":129,"s":[-257]},{"i":{"x":[0.667],"y":[1]},"o":{"x":[0.167],"y":[0]},"t":179,"s":[167.018]},{"i":{"x":[0.144],"y":[0.994]},"o":{"x":[0.965],"y":[0]},"t":180,"s":[167.018]},{"i":{"x":[0],"y":[1]},"o":{"x":[0.779],"y":[-0.009]},"t":210,"s":[-257]},{"t":260,"s":[167.018]}],"ix":4}},"a":{"a":0,"k":[0,0,0],"ix":1},"s":{"a":0,"k":[30,30,100],"ix":6}},"ao":0,"shapes":[{"ty":"gr","it":[{"d":1,"ty":"el","s":{"a":0,"k":[200,200],"ix":2},"p":{"a":0,"k":[0,0],"ix":3},"nm":"Ellipse Path 1","mn":"ADBE Vector Shape - Ellipse","hd":false},{"ty":"st","c":{"a":0,"k":[1,1,1,1],"ix":3},"o":{"a":0,"k":100,"ix":4},"w":{"a":0,"k":0,"ix":5},"lc":1,"lj":1,"ml":4,"bm":0,"nm":"Stroke 1","mn":"ADBE Vector Graphic - Stroke","hd":false},{"ty":"fl","c":{"a":0,"k":[0.380392126944,0.74486730239,1,1],"ix":4},"o":{"a":0,"k":100,"ix":5},"r":1,"bm":0,"nm":"Fill 1","mn":"ADBE Vector Graphic - Fill","hd":false},{"ty":"tr","p":{"a":0,"k":[0,0],"ix":2},"a":{"a":0,"k":[0,0],"ix":1},"s":{"a":0,"k":[100,100],"ix":3},"r":{"a":0,"k":0,"ix":6},"o":{"a":0,"k":100,"ix":7},"sk":{"a":0,"k":0,"ix":4},"sa":{"a":0,"k":0,"ix":5},"nm":"Transform"}],"nm":"Group 1","np":3,"cix":2,"bm":0,"ix":1,"mn":"ADBE Vector Group","hd":false}],"ip":0,"op":618,"st":18,"bm":0},{"ddd":0,"ind":4,"ty":4,"nm":"Ball 30","parent":1,"sr":1,"ks":{"o":{"a":0,"k":100,"ix":11},"r":{"a":0,"k":0,"ix":10},"p":{"s":true,"x":{"a":0,"k":200,"ix":3},"y":{"a":1,"k":[{"i":{"x":[0.144],"y":[0.994]},"o":{"x":[0.965],"y":[0]},"t":16,"s":[167.018]},{"i":{"x":[0],"y":[1]},"o":{"x":[0.779],"y":[-0.009]},"t":46,"s":[-257]},{"i":{"x":[0.667],"y":[1]},"o":{"x":[0.167],"y":[0]},"t":96,"s":[167.018]},{"i":{"x":[0.144],"y":[0.994]},"o":{"x":[0.965],"y":[0]},"t":97,"s":[167.018]},{"i":{"x":[0],"y":[1]},"o":{"x":[0.779],"y":[-0.009]},"t":127,"s":[-257]},{"i":{"x":[0.667],"y":[1]},"o":{"x":[0.167],"y":[0]},"t":177,"s":[167.018]},{"i":{"x":[0.144],"y":[0.994]},"o":{"x":[0.965],"y":[0]},"t":178,"s":[167.018]},{"i":{"x":[0],"y":[1]},"o":{"x":[0.779],"y":[-0.009]},"t":208,"s":[-257]},{"t":258,"s":[167.018]}],"ix":4}},"a":{"a":0,"k":[0,0,0],"ix":1},"s":{"a":0,"k":[30,30,100],"ix":6}},"ao":0,"shapes":[{"ty":"gr","it":[{"d":1,"ty":"el","s":{"a":0,"k":[200,200],"ix":2},"p":{"a":0,"k":[0,0],"ix":3},"nm":"Ellipse Path 1","mn":"ADBE Vector Shape - Ellipse","hd":false},{"ty":"st","c":{"a":0,"k":[1,1,1,1],"ix":3},"o":{"a":0,"k":100,"ix":4},"w":{"a":0,"k":0,"ix":5},"lc":1,"lj":1,"ml":4,"bm":0,"nm":"Stroke 1","mn":"ADBE Vector Graphic - Stroke","hd":false},{"ty":"fl","c":{"a":0,"k":[0.380392126944,0.74486730239,1,1],"ix":4},"o":{"a":0,"k":100,"ix":5},"r":1,"bm":0,"nm":"Fill 1","mn":"ADBE Vector Graphic - Fill","hd":false},{"ty":"tr","p":{"a":0,"k":[0,0],"ix":2},"a":{"a":0,"k":[0,0],"ix":1},"s":{"a":0,"k":[100,100],"ix":3},"r":{"a":0,"k":0,"ix":6},"o":{"a":0,"k":100,"ix":7},"sk":{"a":0,"k":0,"ix":4},"sa":{"a":0,"k":0,"ix":5},"nm":"Transform"}],"nm":"Group 1","np":3,"cix":2,"bm":0,"ix":1,"mn":"ADBE Vector Group","hd":false}],"ip":0,"op":616,"st":16,"bm":0},{"ddd":0,"ind":5,"ty":4,"nm":"Ball 29","parent":1,"sr":1,"ks":{"o":{"a":0,"k":100,"ix":11},"r":{"a":0,"k":0,"ix":10},"p":{"s":true,"x":{"a":0,"k":80,"ix":3},"y":{"a":1,"k":[{"i":{"x":[0.144],"y":[0.994]},"o":{"x":[0.965],"y":[0]},"t":14,"s":[167.018]},{"i":{"x":[0],"y":[1]},"o":{"x":[0.779],"y":[-0.009]},"t":44,"s":[-257]},{"i":{"x":[0.667],"y":[1]},"o":{"x":[0.167],"y":[0]},"t":94,"s":[167.018]},{"i":{"x":[0.144],"y":[0.994]},"o":{"x":[0.965],"y":[0]},"t":95,"s":[167.018]},{"i":{"x":[0],"y":[1]},"o":{"x":[0.779],"y":[-0.009]},"t":125,"s":[-257]},{"i":{"x":[0.667],"y":[1]},"o":{"x":[0.167],"y":[0]},"t":175,"s":[167.018]},{"i":{"x":[0.144],"y":[0.994]},"o":{"x":[0.965],"y":[0]},"t":176,"s":[167.018]},{"i":{"x":[0],"y":[1]},"o":{"x":[0.779],"y":[-0.009]},"t":206,"s":[-257]},{"t":256,"s":[167.018]}],"ix":4}},"a":{"a":0,"k":[0,0,0],"ix":1},"s":{"a":0,"k":[30,30,100],"ix":6}},"ao":0,"shapes":[{"ty":"gr","it":[{"d":1,"ty":"el","s":{"a":0,"k":[200,200],"ix":2},"p":{"a":0,"k":[0,0],"ix":3},"nm":"Ellipse Path 1","mn":"ADBE Vector Shape - Ellipse","hd":false},{"ty":"st","c":{"a":0,"k":[1,1,1,1],"ix":3},"o":{"a":0,"k":100,"ix":4},"w":{"a":0,"k":0,"ix":5},"lc":1,"lj":1,"ml":4,"bm":0,"nm":"Stroke 1","mn":"ADBE Vector Graphic - Stroke","hd":false},{"ty":"fl","c":{"a":0,"k":[0.380392126944,0.74486730239,1,1],"ix":4},"o":{"a":0,"k":100,"ix":5},"r":1,"bm":0,"nm":"Fill 1","mn":"ADBE Vector Graphic - Fill","hd":false},{"ty":"tr","p":{"a":0,"k":[0,0],"ix":2},"a":{"a":0,"k":[0,0],"ix":1},"s":{"a":0,"k":[100,100],"ix":3},"r":{"a":0,"k":0,"ix":6},"o":{"a":0,"k":100,"ix":7},"sk":{"a":0,"k":0,"ix":4},"sa":{"a":0,"k":0,"ix":5},"nm":"Transform"}],"nm":"Group 1","np":3,"cix":2,"bm":0,"ix":1,"mn":"ADBE Vector Group","hd":false}],"ip":0,"op":614,"st":14,"bm":0},{"ddd":0,"ind":6,"ty":4,"nm":"Ball 28","parent":1,"sr":1,"ks":{"o":{"a":0,"k":100,"ix":11},"r":{"a":0,"k":0,"ix":10},"p":{"s":true,"x":{"a":0,"k":-40,"ix":3},"y":{"a":1,"k":[{"i":{"x":[0.144],"y":[0.994]},"o":{"x":[0.965],"y":[0]},"t":12,"s":[167.018]},{"i":{"x":[0],"y":[1]},"o":{"x":[0.779],"y":[-0.009]},"t":42,"s":[-257]},{"i":{"x":[0.667],"y":[1]},"o":{"x":[0.167],"y":[0]},"t":92,"s":[167.018]},{"i":{"x":[0.144],"y":[0.994]},"o":{"x":[0.965],"y":[0]},"t":93,"s":[167.018]},{"i":{"x":[0],"y":[1]},"o":{"x":[0.779],"y":[-0.009]},"t":123,"s":[-257]},{"i":{"x":[0.667],"y":[1]},"o":{"x":[0.167],"y":[0]},"t":173,"s":[167.018]},{"i":{"x":[0.144],"y":[0.994]},"o":{"x":[0.965],"y":[0]},"t":174,"s":[167.018]},{"i":{"x":[0],"y":[1]},"o":{"x":[0.779],"y":[-0.009]},"t":204,"s":[-257]},{"t":254,"s":[167.018]}],"ix":4}},"a":{"a":0,"k":[0,0,0],"ix":1},"s":{"a":0,"k":[30,30,100],"ix":6}},"ao":0,"shapes":[{"ty":"gr","it":[{"d":1,"ty":"el","s":{"a":0,"k":[200,200],"ix":2},"p":{"a":0,"k":[0,0],"ix":3},"nm":"Ellipse Path 1","mn":"ADBE Vector Shape - Ellipse","hd":false},{"ty":"st","c":{"a":0,"k":[1,1,1,1],"ix":3},"o":{"a":0,"k":100,"ix":4},"w":{"a":0,"k":0,"ix":5},"lc":1,"lj":1,"ml":4,"bm":0,"nm":"Stroke 1","mn":"ADBE Vector Graphic - Stroke","hd":false},{"ty":"fl","c":{"a":0,"k":[0.380392126944,0.74486730239,1,1],"ix":4},"o":{"a":0,"k":100,"ix":5},"r":1,"bm":0,"nm":"Fill 1","mn":"ADBE Vector Graphic - Fill","hd":false},{"ty":"tr","p":{"a":0,"k":[0,0],"ix":2},"a":{"a":0,"k":[0,0],"ix":1},"s":{"a":0,"k":[100,100],"ix":3},"r":{"a":0,"k":0,"ix":6},"o":{"a":0,"k":100,"ix":7},"sk":{"a":0,"k":0,"ix":4},"sa":{"a":0,"k":0,"ix":5},"nm":"Transform"}],"nm":"Group 1","np":3,"cix":2,"bm":0,"ix":1,"mn":"ADBE Vector Group","hd":false}],"ip":0,"op":612,"st":12,"bm":0},{"ddd":0,"ind":7,"ty":4,"nm":"Ball 27","parent":1,"sr":1,"ks":{"o":{"a":0,"k":100,"ix":11},"r":{"a":0,"k":0,"ix":10},"p":{"s":true,"x":{"a":0,"k":-160,"ix":3},"y":{"a":1,"k":[{"i":{"x":[0.144],"y":[0.994]},"o":{"x":[0.965],"y":[0]},"t":10,"s":[167.018]},{"i":{"x":[0],"y":[1]},"o":{"x":[0.779],"y":[-0.009]},"t":40,"s":[-257]},{"i":{"x":[0.667],"y":[1]},"o":{"x":[0.167],"y":[0]},"t":90,"s":[167.018]},{"i":{"x":[0.144],"y":[0.994]},"o":{"x":[0.965],"y":[0]},"t":91,"s":[167.018]},{"i":{"x":[0],"y":[1]},"o":{"x":[0.779],"y":[-0.009]},"t":121,"s":[-257]},{"i":{"x":[0.667],"y":[1]},"o":{"x":[0.167],"y":[0]},"t":171,"s":[167.018]},{"i":{"x":[0.144],"y":[0.994]},"o":{"x":[0.965],"y":[0]},"t":172,"s":[167.018]},{"i":{"x":[0],"y":[1]},"o":{"x":[0.779],"y":[-0.009]},"t":202,"s":[-257]},{"t":252,"s":[167.018]}],"ix":4}},"a":{"a":0,"k":[0,0,0],"ix":1},"s":{"a":0,"k":[30,30,100],"ix":6}},"ao":0,"shapes":[{"ty":"gr","it":[{"d":1,"ty":"el","s":{"a":0,"k":[200,200],"ix":2},"p":{"a":0,"k":[0,0],"ix":3},"nm":"Ellipse Path 1","mn":"ADBE Vector Shape - Ellipse","hd":false},{"ty":"st","c":{"a":0,"k":[1,1,1,1],"ix":3},"o":{"a":0,"k":100,"ix":4},"w":{"a":0,"k":0,"ix":5},"lc":1,"lj":1,"ml":4,"bm":0,"nm":"Stroke 1","mn":"ADBE Vector Graphic - Stroke","hd":false},{"ty":"fl","c":{"a":0,"k":[0.380392126944,0.74486730239,1,1],"ix":4},"o":{"a":0,"k":100,"ix":5},"r":1,"bm":0,"nm":"Fill 1","mn":"ADBE Vector Graphic - Fill","hd":false},{"ty":"tr","p":{"a":0,"k":[0,0],"ix":2},"a":{"a":0,"k":[0,0],"ix":1},"s":{"a":0,"k":[100,100],"ix":3},"r":{"a":0,"k":0,"ix":6},"o":{"a":0,"k":100,"ix":7},"sk":{"a":0,"k":0,"ix":4},"sa":{"a":0,"k":0,"ix":5},"nm":"Transform"}],"nm":"Group 1","np":3,"cix":2,"bm":0,"ix":1,"mn":"ADBE Vector Group","hd":false}],"ip":0,"op":610,"st":10,"bm":0},{"ddd":0,"ind":8,"ty":4,"nm":"Ball 26","parent":1,"sr":1,"ks":{"o":{"a":0,"k":100,"ix":11},"r":{"a":0,"k":0,"ix":10},"p":{"s":true,"x":{"a":0,"k":-280,"ix":3},"y":{"a":1,"k":[{"i":{"x":[0.144],"y":[0.994]},"o":{"x":[0.965],"y":[0]},"t":8,"s":[167.018]},{"i":{"x":[0],"y":[1]},"o":{"x":[0.779],"y":[-0.009]},"t":38,"s":[-257]},{"i":{"x":[0.667],"y":[1]},"o":{"x":[0.167],"y":[0]},"t":88,"s":[167.018]},{"i":{"x":[0.144],"y":[0.994]},"o":{"x":[0.965],"y":[0]},"t":89,"s":[167.018]},{"i":{"x":[0],"y":[1]},"o":{"x":[0.779],"y":[-0.009]},"t":119,"s":[-257]},{"i":{"x":[0.667],"y":[1]},"o":{"x":[0.167],"y":[0]},"t":169,"s":[167.018]},{"i":{"x":[0.144],"y":[0.994]},"o":{"x":[0.965],"y":[0]},"t":170,"s":[167.018]},{"i":{"x":[0],"y":[1]},"o":{"x":[0.779],"y":[-0.009]},"t":200,"s":[-257]},{"t":250,"s":[167.018]}],"ix":4}},"a":{"a":0,"k":[0,0,0],"ix":1},"s":{"a":0,"k":[30,30,100],"ix":6}},"ao":0,"shapes":[{"ty":"gr","it":[{"d":1,"ty":"el","s":{"a":0,"k":[200,200],"ix":2},"p":{"a":0,"k":[0,0],"ix":3},"nm":"Ellipse Path 1","mn":"ADBE Vector Shape - Ellipse","hd":false},{"ty":"st","c":{"a":0,"k":[1,1,1,1],"ix":3},"o":{"a":0,"k":100,"ix":4},"w":{"a":0,"k":0,"ix":5},"lc":1,"lj":1,"ml":4,"bm":0,"nm":"Stroke 1","mn":"ADBE Vector Graphic - Stroke","hd":false},{"ty":"fl","c":{"a":0,"k":[0.380392126944,0.74486730239,1,1],"ix":4},"o":{"a":0,"k":100,"ix":5},"r":1,"bm":0,"nm":"Fill 1","mn":"ADBE Vector Graphic - Fill","hd":false},{"ty":"tr","p":{"a":0,"k":[0,0],"ix":2},"a":{"a":0,"k":[0,0],"ix":1},"s":{"a":0,"k":[100,100],"ix":3},"r":{"a":0,"k":0,"ix":6},"o":{"a":0,"k":100,"ix":7},"sk":{"a":0,"k":0,"ix":4},"sa":{"a":0,"k":0,"ix":5},"nm":"Transform"}],"nm":"Group 1","np":3,"cix":2,"bm":0,"ix":1,"mn":"ADBE Vector Group","hd":false}],"ip":0,"op":608,"st":8,"bm":0},{"ddd":0,"ind":9,"ty":4,"nm":"Ball 25","parent":1,"sr":1,"ks":{"o":{"a":0,"k":100,"ix":11},"r":{"a":0,"k":0,"ix":10},"p":{"s":true,"x":{"a":0,"k":-400,"ix":3},"y":{"a":1,"k":[{"i":{"x":[0.144],"y":[0.994]},"o":{"x":[0.965],"y":[0]},"t":6,"s":[167.018]},{"i":{"x":[0],"y":[1]},"o":{"x":[0.779],"y":[-0.009]},"t":36,"s":[-257]},{"i":{"x":[0.667],"y":[1]},"o":{"x":[0.167],"y":[0]},"t":86,"s":[167.018]},{"i":{"x":[0.144],"y":[0.994]},"o":{"x":[0.965],"y":[0]},"t":87,"s":[167.018]},{"i":{"x":[0],"y":[1]},"o":{"x":[0.779],"y":[-0.009]},"t":117,"s":[-257]},{"i":{"x":[0.667],"y":[1]},"o":{"x":[0.167],"y":[0]},"t":167,"s":[167.018]},{"i":{"x":[0.144],"y":[0.994]},"o":{"x":[0.965],"y":[0]},"t":168,"s":[167.018]},{"i":{"x":[0],"y":[1]},"o":{"x":[0.779],"y":[-0.009]},"t":198,"s":[-257]},{"t":248,"s":[167.018]}],"ix":4}},"a":{"a":0,"k":[0,0,0],"ix":1},"s":{"a":0,"k":[30,30,100],"ix":6}},"ao":0,"shapes":[{"ty":"gr","it":[{"d":1,"ty":"el","s":{"a":0,"k":[200,200],"ix":2},"p":{"a":0,"k":[0,0],"ix":3},"nm":"Ellipse Path 1","mn":"ADBE Vector Shape - Ellipse","hd":false},{"ty":"st","c":{"a":0,"k":[1,1,1,1],"ix":3},"o":{"a":0,"k":100,"ix":4},"w":{"a":0,"k":0,"ix":5},"lc":1,"lj":1,"ml":4,"bm":0,"nm":"Stroke 1","mn":"ADBE Vector Graphic - Stroke","hd":false},{"ty":"fl","c":{"a":0,"k":[0.380392126944,0.74486730239,1,1],"ix":4},"o":{"a":0,"k":100,"ix":5},"r":1,"bm":0,"nm":"Fill 1","mn":"ADBE Vector Graphic - Fill","hd":false},{"ty":"tr","p":{"a":0,"k":[0,0],"ix":2},"a":{"a":0,"k":[0,0],"ix":1},"s":{"a":0,"k":[100,100],"ix":3},"r":{"a":0,"k":0,"ix":6},"o":{"a":0,"k":100,"ix":7},"sk":{"a":0,"k":0,"ix":4},"sa":{"a":0,"k":0,"ix":5},"nm":"Transform"}],"nm":"Group 1","np":3,"cix":2,"bm":0,"ix":1,"mn":"ADBE Vector Group","hd":false}],"ip":0,"op":606,"st":6,"bm":0},{"ddd":0,"ind":10,"ty":3,"nm":"Control 2","sr":1,"ks":{"o":{"a":0,"k":0,"ix":11},"r":{"a":0,"k":-180,"ix":10},"p":{"a":0,"k":[978,946,0],"ix":2},"a":{"a":0,"k":[0,0,0],"ix":1},"s":{"a":1,"k":[{"i":{"x":[0.091,0.091,0.667],"y":[1,1,1]},"o":{"x":[0.623,0.623,0.333],"y":[0,0,0]},"t":7,"s":[100,100,100]},{"i":{"x":[0.119,0.119,0.667],"y":[1,1,1]},"o":{"x":[0.587,0.587,0.333],"y":[0,0,0]},"t":47,"s":[104.011,104.011,100]},{"i":{"x":[0.053,0.053,0.667],"y":[1,1,1]},"o":{"x":[0.734,0.734,0.333],"y":[0,0,0]},"t":88,"s":[100,100,100]},{"i":{"x":[0.226,0.226,0.667],"y":[1,1,1]},"o":{"x":[0.503,0.503,0.333],"y":[0,0,0]},"t":121,"s":[104.011,104.011,100]},{"i":{"x":[0.05,0.05,0.667],"y":[1,1,1]},"o":{"x":[0.843,0.843,0.333],"y":[0,0,0]},"t":168,"s":[100,100,100]},{"t":203,"s":[100,100,100]}],"ix":6}},"ao":0,"ip":0,"op":604,"st":4,"bm":0},{"ddd":0,"ind":11,"ty":4,"nm":"Ball 24","parent":10,"sr":1,"ks":{"o":{"a":0,"k":100,"ix":11},"r":{"a":0,"k":0,"ix":10},"p":{"s":true,"x":{"a":0,"k":440,"ix":3},"y":{"a":1,"k":[{"i":{"x":[0.144],"y":[0.994]},"o":{"x":[0.965],"y":[0]},"t":18,"s":[167.018]},{"i":{"x":[0],"y":[1]},"o":{"x":[0.779],"y":[-0.009]},"t":48,"s":[-257]},{"i":{"x":[0.667],"y":[1]},"o":{"x":[0.167],"y":[0]},"t":98,"s":[167.018]},{"i":{"x":[0.144],"y":[0.994]},"o":{"x":[0.965],"y":[0]},"t":99,"s":[167.018]},{"i":{"x":[0],"y":[1]},"o":{"x":[0.779],"y":[-0.009]},"t":129,"s":[-257]},{"i":{"x":[0.667],"y":[1]},"o":{"x":[0.167],"y":[0]},"t":179,"s":[167.018]},{"i":{"x":[0.144],"y":[0.994]},"o":{"x":[0.965],"y":[0]},"t":180,"s":[167.018]},{"i":{"x":[0],"y":[1]},"o":{"x":[0.779],"y":[-0.009]},"t":210,"s":[-257]},{"t":260,"s":[167.018]}],"ix":4}},"a":{"a":0,"k":[0,0,0],"ix":1},"s":{"a":0,"k":[30,30,100],"ix":6}},"ao":0,"shapes":[{"ty":"gr","it":[{"d":1,"ty":"el","s":{"a":0,"k":[200,200],"ix":2},"p":{"a":0,"k":[0,0],"ix":3},"nm":"Ellipse Path 1","mn":"ADBE Vector Shape - Ellipse","hd":false},{"ty":"st","c":{"a":0,"k":[1,1,1,1],"ix":3},"o":{"a":0,"k":100,"ix":4},"w":{"a":0,"k":0,"ix":5},"lc":1,"lj":1,"ml":4,"bm":0,"nm":"Stroke 1","mn":"ADBE Vector Graphic - Stroke","hd":false},{"ty":"fl","c":{"a":0,"k":[1,0.613656257181,0.380392126944,1],"ix":4},"o":{"a":0,"k":100,"ix":5},"r":1,"bm":0,"nm":"Fill 1","mn":"ADBE Vector Graphic - Fill","hd":false},{"ty":"tr","p":{"a":0,"k":[0,0],"ix":2},"a":{"a":0,"k":[0,0],"ix":1},"s":{"a":0,"k":[100,100],"ix":3},"r":{"a":0,"k":0,"ix":6},"o":{"a":0,"k":100,"ix":7},"sk":{"a":0,"k":0,"ix":4},"sa":{"a":0,"k":0,"ix":5},"nm":"Transform"}],"nm":"Group 1","np":3,"cix":2,"bm":0,"ix":1,"mn":"ADBE Vector Group","hd":false}],"ip":0,"op":618,"st":18,"bm":0},{"ddd":0,"ind":12,"ty":4,"nm":"Ball 23","parent":10,"sr":1,"ks":{"o":{"a":0,"k":100,"ix":11},"r":{"a":0,"k":0,"ix":10},"p":{"s":true,"x":{"a":0,"k":320,"ix":3},"y":{"a":1,"k":[{"i":{"x":[0.144],"y":[0.994]},"o":{"x":[0.965],"y":[0]},"t":16,"s":[167.018]},{"i":{"x":[0],"y":[1]},"o":{"x":[0.779],"y":[-0.009]},"t":46,"s":[-257]},{"i":{"x":[0.667],"y":[1]},"o":{"x":[0.167],"y":[0]},"t":96,"s":[167.018]},{"i":{"x":[0.144],"y":[0.994]},"o":{"x":[0.965],"y":[0]},"t":97,"s":[167.018]},{"i":{"x":[0],"y":[1]},"o":{"x":[0.779],"y":[-0.009]},"t":127,"s":[-257]},{"i":{"x":[0.667],"y":[1]},"o":{"x":[0.167],"y":[0]},"t":177,"s":[167.018]},{"i":{"x":[0.144],"y":[0.994]},"o":{"x":[0.965],"y":[0]},"t":178,"s":[167.018]},{"i":{"x":[0],"y":[1]},"o":{"x":[0.779],"y":[-0.009]},"t":208,"s":[-257]},{"t":258,"s":[167.018]}],"ix":4}},"a":{"a":0,"k":[0,0,0],"ix":1},"s":{"a":0,"k":[30,30,100],"ix":6}},"ao":0,"shapes":[{"ty":"gr","it":[{"d":1,"ty":"el","s":{"a":0,"k":[200,200],"ix":2},"p":{"a":0,"k":[0,0],"ix":3},"nm":"Ellipse Path 1","mn":"ADBE Vector Shape - Ellipse","hd":false},{"ty":"st","c":{"a":0,"k":[1,1,1,1],"ix":3},"o":{"a":0,"k":100,"ix":4},"w":{"a":0,"k":0,"ix":5},"lc":1,"lj":1,"ml":4,"bm":0,"nm":"Stroke 1","mn":"ADBE Vector Graphic - Stroke","hd":false},{"ty":"fl","c":{"a":0,"k":[1,0.613656257181,0.380392126944,1],"ix":4},"o":{"a":0,"k":100,"ix":5},"r":1,"bm":0,"nm":"Fill 1","mn":"ADBE Vector Graphic - Fill","hd":false},{"ty":"tr","p":{"a":0,"k":[0,0],"ix":2},"a":{"a":0,"k":[0,0],"ix":1},"s":{"a":0,"k":[100,100],"ix":3},"r":{"a":0,"k":0,"ix":6},"o":{"a":0,"k":100,"ix":7},"sk":{"a":0,"k":0,"ix":4},"sa":{"a":0,"k":0,"ix":5},"nm":"Transform"}],"nm":"Group 1","np":3,"cix":2,"bm":0,"ix":1,"mn":"ADBE Vector Group","hd":false}],"ip":0,"op":616,"st":16,"bm":0},{"ddd":0,"ind":13,"ty":4,"nm":"Ball 22","parent":10,"sr":1,"ks":{"o":{"a":0,"k":100,"ix":11},"r":{"a":0,"k":0,"ix":10},"p":{"s":true,"x":{"a":0,"k":200,"ix":3},"y":{"a":1,"k":[{"i":{"x":[0.144],"y":[0.994]},"o":{"x":[0.965],"y":[0]},"t":14,"s":[167.018]},{"i":{"x":[0],"y":[1]},"o":{"x":[0.779],"y":[-0.009]},"t":44,"s":[-257]},{"i":{"x":[0.667],"y":[1]},"o":{"x":[0.167],"y":[0]},"t":94,"s":[167.018]},{"i":{"x":[0.144],"y":[0.994]},"o":{"x":[0.965],"y":[0]},"t":95,"s":[167.018]},{"i":{"x":[0],"y":[1]},"o":{"x":[0.779],"y":[-0.009]},"t":125,"s":[-257]},{"i":{"x":[0.667],"y":[1]},"o":{"x":[0.167],"y":[0]},"t":175,"s":[167.018]},{"i":{"x":[0.144],"y":[0.994]},"o":{"x":[0.965],"y":[0]},"t":176,"s":[167.018]},{"i":{"x":[0],"y":[1]},"o":{"x":[0.779],"y":[-0.009]},"t":206,"s":[-257]},{"t":256,"s":[167.018]}],"ix":4}},"a":{"a":0,"k":[0,0,0],"ix":1},"s":{"a":0,"k":[30,30,100],"ix":6}},"ao":0,"shapes":[{"ty":"gr","it":[{"d":1,"ty":"el","s":{"a":0,"k":[200,200],"ix":2},"p":{"a":0,"k":[0,0],"ix":3},"nm":"Ellipse Path 1","mn":"ADBE Vector Shape - Ellipse","hd":false},{"ty":"st","c":{"a":0,"k":[1,1,1,1],"ix":3},"o":{"a":0,"k":100,"ix":4},"w":{"a":0,"k":0,"ix":5},"lc":1,"lj":1,"ml":4,"bm":0,"nm":"Stroke 1","mn":"ADBE Vector Graphic - Stroke","hd":false},{"ty":"fl","c":{"a":0,"k":[1,0.613656257181,0.380392126944,1],"ix":4},"o":{"a":0,"k":100,"ix":5},"r":1,"bm":0,"nm":"Fill 1","mn":"ADBE Vector Graphic - Fill","hd":false},{"ty":"tr","p":{"a":0,"k":[0,0],"ix":2},"a":{"a":0,"k":[0,0],"ix":1},"s":{"a":0,"k":[100,100],"ix":3},"r":{"a":0,"k":0,"ix":6},"o":{"a":0,"k":100,"ix":7},"sk":{"a":0,"k":0,"ix":4},"sa":{"a":0,"k":0,"ix":5},"nm":"Transform"}],"nm":"Group 1","np":3,"cix":2,"bm":0,"ix":1,"mn":"ADBE Vector Group","hd":false}],"ip":0,"op":614,"st":14,"bm":0},{"ddd":0,"ind":14,"ty":4,"nm":"Ball 21","parent":10,"sr":1,"ks":{"o":{"a":0,"k":100,"ix":11},"r":{"a":0,"k":0,"ix":10},"p":{"s":true,"x":{"a":0,"k":80,"ix":3},"y":{"a":1,"k":[{"i":{"x":[0.144],"y":[0.994]},"o":{"x":[0.965],"y":[0]},"t":12,"s":[167.018]},{"i":{"x":[0],"y":[1]},"o":{"x":[0.779],"y":[-0.009]},"t":42,"s":[-257]},{"i":{"x":[0.667],"y":[1]},"o":{"x":[0.167],"y":[0]},"t":92,"s":[167.018]},{"i":{"x":[0.144],"y":[0.994]},"o":{"x":[0.965],"y":[0]},"t":93,"s":[167.018]},{"i":{"x":[0],"y":[1]},"o":{"x":[0.779],"y":[-0.009]},"t":123,"s":[-257]},{"i":{"x":[0.667],"y":[1]},"o":{"x":[0.167],"y":[0]},"t":173,"s":[167.018]},{"i":{"x":[0.144],"y":[0.994]},"o":{"x":[0.965],"y":[0]},"t":174,"s":[167.018]},{"i":{"x":[0],"y":[1]},"o":{"x":[0.779],"y":[-0.009]},"t":204,"s":[-257]},{"t":254,"s":[167.018]}],"ix":4}},"a":{"a":0,"k":[0,0,0],"ix":1},"s":{"a":0,"k":[30,30,100],"ix":6}},"ao":0,"shapes":[{"ty":"gr","it":[{"d":1,"ty":"el","s":{"a":0,"k":[200,200],"ix":2},"p":{"a":0,"k":[0,0],"ix":3},"nm":"Ellipse Path 1","mn":"ADBE Vector Shape - Ellipse","hd":false},{"ty":"st","c":{"a":0,"k":[1,1,1,1],"ix":3},"o":{"a":0,"k":100,"ix":4},"w":{"a":0,"k":0,"ix":5},"lc":1,"lj":1,"ml":4,"bm":0,"nm":"Stroke 1","mn":"ADBE Vector Graphic - Stroke","hd":false},{"ty":"fl","c":{"a":0,"k":[1,0.613656257181,0.380392126944,1],"ix":4},"o":{"a":0,"k":100,"ix":5},"r":1,"bm":0,"nm":"Fill 1","mn":"ADBE Vector Graphic - Fill","hd":false},{"ty":"tr","p":{"a":0,"k":[0,0],"ix":2},"a":{"a":0,"k":[0,0],"ix":1},"s":{"a":0,"k":[100,100],"ix":3},"r":{"a":0,"k":0,"ix":6},"o":{"a":0,"k":100,"ix":7},"sk":{"a":0,"k":0,"ix":4},"sa":{"a":0,"k":0,"ix":5},"nm":"Transform"}],"nm":"Group 1","np":3,"cix":2,"bm":0,"ix":1,"mn":"ADBE Vector Group","hd":false}],"ip":0,"op":612,"st":12,"bm":0},{"ddd":0,"ind":15,"ty":4,"nm":"Ball 20","parent":10,"sr":1,"ks":{"o":{"a":0,"k":100,"ix":11},"r":{"a":0,"k":0,"ix":10},"p":{"s":true,"x":{"a":0,"k":-40,"ix":3},"y":{"a":1,"k":[{"i":{"x":[0.144],"y":[0.994]},"o":{"x":[0.965],"y":[0]},"t":10,"s":[167.018]},{"i":{"x":[0],"y":[1]},"o":{"x":[0.779],"y":[-0.009]},"t":40,"s":[-257]},{"i":{"x":[0.667],"y":[1]},"o":{"x":[0.167],"y":[0]},"t":90,"s":[167.018]},{"i":{"x":[0.144],"y":[0.994]},"o":{"x":[0.965],"y":[0]},"t":91,"s":[167.018]},{"i":{"x":[0],"y":[1]},"o":{"x":[0.779],"y":[-0.009]},"t":121,"s":[-257]},{"i":{"x":[0.667],"y":[1]},"o":{"x":[0.167],"y":[0]},"t":171,"s":[167.018]},{"i":{"x":[0.144],"y":[0.994]},"o":{"x":[0.965],"y":[0]},"t":172,"s":[167.018]},{"i":{"x":[0],"y":[1]},"o":{"x":[0.779],"y":[-0.009]},"t":202,"s":[-257]},{"t":252,"s":[167.018]}],"ix":4}},"a":{"a":0,"k":[0,0,0],"ix":1},"s":{"a":0,"k":[30,30,100],"ix":6}},"ao":0,"shapes":[{"ty":"gr","it":[{"d":1,"ty":"el","s":{"a":0,"k":[200,200],"ix":2},"p":{"a":0,"k":[0,0],"ix":3},"nm":"Ellipse Path 1","mn":"ADBE Vector Shape - Ellipse","hd":false},{"ty":"st","c":{"a":0,"k":[1,1,1,1],"ix":3},"o":{"a":0,"k":100,"ix":4},"w":{"a":0,"k":0,"ix":5},"lc":1,"lj":1,"ml":4,"bm":0,"nm":"Stroke 1","mn":"ADBE Vector Graphic - Stroke","hd":false},{"ty":"fl","c":{"a":0,"k":[1,0.613656257181,0.380392126944,1],"ix":4},"o":{"a":0,"k":100,"ix":5},"r":1,"bm":0,"nm":"Fill 1","mn":"ADBE Vector Graphic - Fill","hd":false},{"ty":"tr","p":{"a":0,"k":[0,0],"ix":2},"a":{"a":0,"k":[0,0],"ix":1},"s":{"a":0,"k":[100,100],"ix":3},"r":{"a":0,"k":0,"ix":6},"o":{"a":0,"k":100,"ix":7},"sk":{"a":0,"k":0,"ix":4},"sa":{"a":0,"k":0,"ix":5},"nm":"Transform"}],"nm":"Group 1","np":3,"cix":2,"bm":0,"ix":1,"mn":"ADBE Vector Group","hd":false}],"ip":0,"op":610,"st":10,"bm":0},{"ddd":0,"ind":16,"ty":4,"nm":"Ball 19","parent":10,"sr":1,"ks":{"o":{"a":0,"k":100,"ix":11},"r":{"a":0,"k":0,"ix":10},"p":{"s":true,"x":{"a":0,"k":-160,"ix":3},"y":{"a":1,"k":[{"i":{"x":[0.144],"y":[0.994]},"o":{"x":[0.965],"y":[0]},"t":8,"s":[167.018]},{"i":{"x":[0],"y":[1]},"o":{"x":[0.779],"y":[-0.009]},"t":38,"s":[-257]},{"i":{"x":[0.667],"y":[1]},"o":{"x":[0.167],"y":[0]},"t":88,"s":[167.018]},{"i":{"x":[0.144],"y":[0.994]},"o":{"x":[0.965],"y":[0]},"t":89,"s":[167.018]},{"i":{"x":[0],"y":[1]},"o":{"x":[0.779],"y":[-0.009]},"t":119,"s":[-257]},{"i":{"x":[0.667],"y":[1]},"o":{"x":[0.167],"y":[0]},"t":169,"s":[167.018]},{"i":{"x":[0.144],"y":[0.994]},"o":{"x":[0.965],"y":[0]},"t":170,"s":[167.018]},{"i":{"x":[0],"y":[1]},"o":{"x":[0.779],"y":[-0.009]},"t":200,"s":[-257]},{"t":250,"s":[167.018]}],"ix":4}},"a":{"a":0,"k":[0,0,0],"ix":1},"s":{"a":0,"k":[30,30,100],"ix":6}},"ao":0,"shapes":[{"ty":"gr","it":[{"d":1,"ty":"el","s":{"a":0,"k":[200,200],"ix":2},"p":{"a":0,"k":[0,0],"ix":3},"nm":"Ellipse Path 1","mn":"ADBE Vector Shape - Ellipse","hd":false},{"ty":"st","c":{"a":0,"k":[1,1,1,1],"ix":3},"o":{"a":0,"k":100,"ix":4},"w":{"a":0,"k":0,"ix":5},"lc":1,"lj":1,"ml":4,"bm":0,"nm":"Stroke 1","mn":"ADBE Vector Graphic - Stroke","hd":false},{"ty":"fl","c":{"a":0,"k":[1,0.613656257181,0.380392126944,1],"ix":4},"o":{"a":0,"k":100,"ix":5},"r":1,"bm":0,"nm":"Fill 1","mn":"ADBE Vector Graphic - Fill","hd":false},{"ty":"tr","p":{"a":0,"k":[0,0],"ix":2},"a":{"a":0,"k":[0,0],"ix":1},"s":{"a":0,"k":[100,100],"ix":3},"r":{"a":0,"k":0,"ix":6},"o":{"a":0,"k":100,"ix":7},"sk":{"a":0,"k":0,"ix":4},"sa":{"a":0,"k":0,"ix":5},"nm":"Transform"}],"nm":"Group 1","np":3,"cix":2,"bm":0,"ix":1,"mn":"ADBE Vector Group","hd":false}],"ip":0,"op":608,"st":8,"bm":0},{"ddd":0,"ind":17,"ty":4,"nm":"Ball 18","parent":10,"sr":1,"ks":{"o":{"a":0,"k":100,"ix":11},"r":{"a":0,"k":0,"ix":10},"p":{"s":true,"x":{"a":0,"k":-280,"ix":3},"y":{"a":1,"k":[{"i":{"x":[0.144],"y":[0.994]},"o":{"x":[0.965],"y":[0]},"t":6,"s":[167.018]},{"i":{"x":[0],"y":[1]},"o":{"x":[0.779],"y":[-0.009]},"t":36,"s":[-257]},{"i":{"x":[0.667],"y":[1]},"o":{"x":[0.167],"y":[0]},"t":86,"s":[167.018]},{"i":{"x":[0.144],"y":[0.994]},"o":{"x":[0.965],"y":[0]},"t":87,"s":[167.018]},{"i":{"x":[0],"y":[1]},"o":{"x":[0.779],"y":[-0.009]},"t":117,"s":[-257]},{"i":{"x":[0.667],"y":[1]},"o":{"x":[0.167],"y":[0]},"t":167,"s":[167.018]},{"i":{"x":[0.144],"y":[0.994]},"o":{"x":[0.965],"y":[0]},"t":168,"s":[167.018]},{"i":{"x":[0],"y":[1]},"o":{"x":[0.779],"y":[-0.009]},"t":198,"s":[-257]},{"t":248,"s":[167.018]}],"ix":4}},"a":{"a":0,"k":[0,0,0],"ix":1},"s":{"a":0,"k":[30,30,100],"ix":6}},"ao":0,"shapes":[{"ty":"gr","it":[{"d":1,"ty":"el","s":{"a":0,"k":[200,200],"ix":2},"p":{"a":0,"k":[0,0],"ix":3},"nm":"Ellipse Path 1","mn":"ADBE Vector Shape - Ellipse","hd":false},{"ty":"st","c":{"a":0,"k":[1,1,1,1],"ix":3},"o":{"a":0,"k":100,"ix":4},"w":{"a":0,"k":0,"ix":5},"lc":1,"lj":1,"ml":4,"bm":0,"nm":"Stroke 1","mn":"ADBE Vector Graphic - Stroke","hd":false},{"ty":"fl","c":{"a":0,"k":[1,0.613656257181,0.380392126944,1],"ix":4},"o":{"a":0,"k":100,"ix":5},"r":1,"bm":0,"nm":"Fill 1","mn":"ADBE Vector Graphic - Fill","hd":false},{"ty":"tr","p":{"a":0,"k":[0,0],"ix":2},"a":{"a":0,"k":[0,0],"ix":1},"s":{"a":0,"k":[100,100],"ix":3},"r":{"a":0,"k":0,"ix":6},"o":{"a":0,"k":100,"ix":7},"sk":{"a":0,"k":0,"ix":4},"sa":{"a":0,"k":0,"ix":5},"nm":"Transform"}],"nm":"Group 1","np":3,"cix":2,"bm":0,"ix":1,"mn":"ADBE Vector Group","hd":false}],"ip":0,"op":606,"st":6,"bm":0},{"ddd":0,"ind":18,"ty":4,"nm":"Ball 17","parent":10,"sr":1,"ks":{"o":{"a":0,"k":100,"ix":11},"r":{"a":0,"k":0,"ix":10},"p":{"s":true,"x":{"a":0,"k":-400,"ix":3},"y":{"a":1,"k":[{"i":{"x":[0.144],"y":[0.994]},"o":{"x":[0.965],"y":[0]},"t":4,"s":[167.018]},{"i":{"x":[0],"y":[1]},"o":{"x":[0.779],"y":[-0.009]},"t":34,"s":[-257]},{"i":{"x":[0.667],"y":[1]},"o":{"x":[0.167],"y":[0]},"t":84,"s":[167.018]},{"i":{"x":[0.144],"y":[0.994]},"o":{"x":[0.965],"y":[0]},"t":85,"s":[167.018]},{"i":{"x":[0],"y":[1]},"o":{"x":[0.779],"y":[-0.009]},"t":115,"s":[-257]},{"i":{"x":[0.667],"y":[1]},"o":{"x":[0.167],"y":[0]},"t":165,"s":[167.018]},{"i":{"x":[0.144],"y":[0.994]},"o":{"x":[0.965],"y":[0]},"t":166,"s":[167.018]},{"i":{"x":[0],"y":[1]},"o":{"x":[0.779],"y":[-0.009]},"t":196,"s":[-257]},{"t":246,"s":[167.018]}],"ix":4}},"a":{"a":0,"k":[0,0,0],"ix":1},"s":{"a":0,"k":[30,30,100],"ix":6}},"ao":0,"shapes":[{"ty":"gr","it":[{"d":1,"ty":"el","s":{"a":0,"k":[200,200],"ix":2},"p":{"a":0,"k":[0,0],"ix":3},"nm":"Ellipse Path 1","mn":"ADBE Vector Shape - Ellipse","hd":false},{"ty":"st","c":{"a":0,"k":[1,1,1,1],"ix":3},"o":{"a":0,"k":100,"ix":4},"w":{"a":0,"k":0,"ix":5},"lc":1,"lj":1,"ml":4,"bm":0,"nm":"Stroke 1","mn":"ADBE Vector Graphic - Stroke","hd":false},{"ty":"fl","c":{"a":0,"k":[1,0.613656257181,0.380392126944,1],"ix":4},"o":{"a":0,"k":100,"ix":5},"r":1,"bm":0,"nm":"Fill 1","mn":"ADBE Vector Graphic - Fill","hd":false},{"ty":"tr","p":{"a":0,"k":[0,0],"ix":2},"a":{"a":0,"k":[0,0],"ix":1},"s":{"a":0,"k":[100,100],"ix":3},"r":{"a":0,"k":0,"ix":6},"o":{"a":0,"k":100,"ix":7},"sk":{"a":0,"k":0,"ix":4},"sa":{"a":0,"k":0,"ix":5},"nm":"Transform"}],"nm":"Group 1","np":3,"cix":2,"bm":0,"ix":1,"mn":"ADBE Vector Group","hd":false}],"ip":0,"op":604,"st":4,"bm":0},{"ddd":0,"ind":19,"ty":3,"nm":"Control 3","sr":1,"ks":{"o":{"a":0,"k":0,"ix":11},"r":{"a":0,"k":-90,"ix":10},"p":{"a":0,"k":[972,980,0],"ix":2},"a":{"a":0,"k":[0,0,0],"ix":1},"s":{"a":1,"k":[{"i":{"x":[0.091,0.091,0.667],"y":[1,1,1]},"o":{"x":[0.623,0.623,0.333],"y":[0,0,0]},"t":7,"s":[100,100,100]},{"i":{"x":[0.119,0.119,0.667],"y":[1,1,1]},"o":{"x":[0.587,0.587,0.333],"y":[0,0,0]},"t":47,"s":[104.011,104.011,100]},{"i":{"x":[0.053,0.053,0.667],"y":[1,1,1]},"o":{"x":[0.734,0.734,0.333],"y":[0,0,0]},"t":88,"s":[100,100,100]},{"i":{"x":[0.226,0.226,0.667],"y":[1,1,1]},"o":{"x":[0.503,0.503,0.333],"y":[0,0,0]},"t":121,"s":[104.011,104.011,100]},{"i":{"x":[0.05,0.05,0.667],"y":[1,1,1]},"o":{"x":[0.843,0.843,0.333],"y":[0,0,0]},"t":168,"s":[100,100,100]},{"t":203,"s":[100,100,100]}],"ix":6}},"ao":0,"ip":0,"op":602,"st":2,"bm":0},{"ddd":0,"ind":20,"ty":4,"nm":"Ball 16","parent":19,"sr":1,"ks":{"o":{"a":0,"k":100,"ix":11},"r":{"a":0,"k":0,"ix":10},"p":{"s":true,"x":{"a":0,"k":440,"ix":3},"y":{"a":1,"k":[{"i":{"x":[0.144],"y":[0.994]},"o":{"x":[0.965],"y":[0]},"t":16,"s":[167.018]},{"i":{"x":[0],"y":[1]},"o":{"x":[0.779],"y":[-0.009]},"t":46,"s":[-257]},{"i":{"x":[0.667],"y":[1]},"o":{"x":[0.167],"y":[0]},"t":96,"s":[167.018]},{"i":{"x":[0.144],"y":[0.994]},"o":{"x":[0.965],"y":[0]},"t":97,"s":[167.018]},{"i":{"x":[0],"y":[1]},"o":{"x":[0.779],"y":[-0.009]},"t":127,"s":[-257]},{"i":{"x":[0.667],"y":[1]},"o":{"x":[0.167],"y":[0]},"t":177,"s":[167.018]},{"i":{"x":[0.144],"y":[0.994]},"o":{"x":[0.965],"y":[0]},"t":178,"s":[167.018]},{"i":{"x":[0],"y":[1]},"o":{"x":[0.779],"y":[-0.009]},"t":208,"s":[-257]},{"t":258,"s":[167.018]}],"ix":4}},"a":{"a":0,"k":[0,0,0],"ix":1},"s":{"a":0,"k":[30,30,100],"ix":6}},"ao":0,"shapes":[{"ty":"gr","it":[{"d":1,"ty":"el","s":{"a":0,"k":[200,200],"ix":2},"p":{"a":0,"k":[0,0],"ix":3},"nm":"Ellipse Path 1","mn":"ADBE Vector Shape - Ellipse","hd":false},{"ty":"st","c":{"a":0,"k":[1,1,1,1],"ix":3},"o":{"a":0,"k":100,"ix":4},"w":{"a":0,"k":0,"ix":5},"lc":1,"lj":1,"ml":4,"bm":0,"nm":"Stroke 1","mn":"ADBE Vector Graphic - Stroke","hd":false},{"ty":"fl","c":{"a":0,"k":[0.142391384349,0.772549019608,0.542726763557,1],"ix":4},"o":{"a":0,"k":100,"ix":5},"r":1,"bm":0,"nm":"Fill 1","mn":"ADBE Vector Graphic - Fill","hd":false},{"ty":"tr","p":{"a":0,"k":[0,0],"ix":2},"a":{"a":0,"k":[0,0],"ix":1},"s":{"a":0,"k":[100,100],"ix":3},"r":{"a":0,"k":0,"ix":6},"o":{"a":0,"k":100,"ix":7},"sk":{"a":0,"k":0,"ix":4},"sa":{"a":0,"k":0,"ix":5},"nm":"Transform"}],"nm":"Group 1","np":3,"cix":2,"bm":0,"ix":1,"mn":"ADBE Vector Group","hd":false}],"ip":0,"op":616,"st":16,"bm":0},{"ddd":0,"ind":21,"ty":4,"nm":"Ball 15","parent":19,"sr":1,"ks":{"o":{"a":0,"k":100,"ix":11},"r":{"a":0,"k":0,"ix":10},"p":{"s":true,"x":{"a":0,"k":320,"ix":3},"y":{"a":1,"k":[{"i":{"x":[0.144],"y":[0.994]},"o":{"x":[0.965],"y":[0]},"t":14,"s":[167.018]},{"i":{"x":[0],"y":[1]},"o":{"x":[0.779],"y":[-0.009]},"t":44,"s":[-257]},{"i":{"x":[0.667],"y":[1]},"o":{"x":[0.167],"y":[0]},"t":94,"s":[167.018]},{"i":{"x":[0.144],"y":[0.994]},"o":{"x":[0.965],"y":[0]},"t":95,"s":[167.018]},{"i":{"x":[0],"y":[1]},"o":{"x":[0.779],"y":[-0.009]},"t":125,"s":[-257]},{"i":{"x":[0.667],"y":[1]},"o":{"x":[0.167],"y":[0]},"t":175,"s":[167.018]},{"i":{"x":[0.144],"y":[0.994]},"o":{"x":[0.965],"y":[0]},"t":176,"s":[167.018]},{"i":{"x":[0],"y":[1]},"o":{"x":[0.779],"y":[-0.009]},"t":206,"s":[-257]},{"t":256,"s":[167.018]}],"ix":4}},"a":{"a":0,"k":[0,0,0],"ix":1},"s":{"a":0,"k":[30,30,100],"ix":6}},"ao":0,"shapes":[{"ty":"gr","it":[{"d":1,"ty":"el","s":{"a":0,"k":[200,200],"ix":2},"p":{"a":0,"k":[0,0],"ix":3},"nm":"Ellipse Path 1","mn":"ADBE Vector Shape - Ellipse","hd":false},{"ty":"st","c":{"a":0,"k":[1,1,1,1],"ix":3},"o":{"a":0,"k":100,"ix":4},"w":{"a":0,"k":0,"ix":5},"lc":1,"lj":1,"ml":4,"bm":0,"nm":"Stroke 1","mn":"ADBE Vector Graphic - Stroke","hd":false},{"ty":"fl","c":{"a":0,"k":[0.142391384349,0.772549019608,0.542726763557,1],"ix":4},"o":{"a":0,"k":100,"ix":5},"r":1,"bm":0,"nm":"Fill 1","mn":"ADBE Vector Graphic - Fill","hd":false},{"ty":"tr","p":{"a":0,"k":[0,0],"ix":2},"a":{"a":0,"k":[0,0],"ix":1},"s":{"a":0,"k":[100,100],"ix":3},"r":{"a":0,"k":0,"ix":6},"o":{"a":0,"k":100,"ix":7},"sk":{"a":0,"k":0,"ix":4},"sa":{"a":0,"k":0,"ix":5},"nm":"Transform"}],"nm":"Group 1","np":3,"cix":2,"bm":0,"ix":1,"mn":"ADBE Vector Group","hd":false}],"ip":0,"op":614,"st":14,"bm":0},{"ddd":0,"ind":22,"ty":4,"nm":"Ball 14","parent":19,"sr":1,"ks":{"o":{"a":0,"k":100,"ix":11},"r":{"a":0,"k":0,"ix":10},"p":{"s":true,"x":{"a":0,"k":200,"ix":3},"y":{"a":1,"k":[{"i":{"x":[0.144],"y":[0.994]},"o":{"x":[0.965],"y":[0]},"t":12,"s":[167.018]},{"i":{"x":[0],"y":[1]},"o":{"x":[0.779],"y":[-0.009]},"t":42,"s":[-257]},{"i":{"x":[0.667],"y":[1]},"o":{"x":[0.167],"y":[0]},"t":92,"s":[167.018]},{"i":{"x":[0.144],"y":[0.994]},"o":{"x":[0.965],"y":[0]},"t":93,"s":[167.018]},{"i":{"x":[0],"y":[1]},"o":{"x":[0.779],"y":[-0.009]},"t":123,"s":[-257]},{"i":{"x":[0.667],"y":[1]},"o":{"x":[0.167],"y":[0]},"t":173,"s":[167.018]},{"i":{"x":[0.144],"y":[0.994]},"o":{"x":[0.965],"y":[0]},"t":174,"s":[167.018]},{"i":{"x":[0],"y":[1]},"o":{"x":[0.779],"y":[-0.009]},"t":204,"s":[-257]},{"t":254,"s":[167.018]}],"ix":4}},"a":{"a":0,"k":[0,0,0],"ix":1},"s":{"a":0,"k":[30,30,100],"ix":6}},"ao":0,"shapes":[{"ty":"gr","it":[{"d":1,"ty":"el","s":{"a":0,"k":[200,200],"ix":2},"p":{"a":0,"k":[0,0],"ix":3},"nm":"Ellipse Path 1","mn":"ADBE Vector Shape - Ellipse","hd":false},{"ty":"st","c":{"a":0,"k":[1,1,1,1],"ix":3},"o":{"a":0,"k":100,"ix":4},"w":{"a":0,"k":0,"ix":5},"lc":1,"lj":1,"ml":4,"bm":0,"nm":"Stroke 1","mn":"ADBE Vector Graphic - Stroke","hd":false},{"ty":"fl","c":{"a":0,"k":[0.142391384349,0.772549019608,0.542726763557,1],"ix":4},"o":{"a":0,"k":100,"ix":5},"r":1,"bm":0,"nm":"Fill 1","mn":"ADBE Vector Graphic - Fill","hd":false},{"ty":"tr","p":{"a":0,"k":[0,0],"ix":2},"a":{"a":0,"k":[0,0],"ix":1},"s":{"a":0,"k":[100,100],"ix":3},"r":{"a":0,"k":0,"ix":6},"o":{"a":0,"k":100,"ix":7},"sk":{"a":0,"k":0,"ix":4},"sa":{"a":0,"k":0,"ix":5},"nm":"Transform"}],"nm":"Group 1","np":3,"cix":2,"bm":0,"ix":1,"mn":"ADBE Vector Group","hd":false}],"ip":0,"op":612,"st":12,"bm":0},{"ddd":0,"ind":23,"ty":4,"nm":"Ball 13","parent":19,"sr":1,"ks":{"o":{"a":0,"k":100,"ix":11},"r":{"a":0,"k":0,"ix":10},"p":{"s":true,"x":{"a":0,"k":80,"ix":3},"y":{"a":1,"k":[{"i":{"x":[0.144],"y":[0.994]},"o":{"x":[0.965],"y":[0]},"t":10,"s":[167.018]},{"i":{"x":[0],"y":[1]},"o":{"x":[0.779],"y":[-0.009]},"t":40,"s":[-257]},{"i":{"x":[0.667],"y":[1]},"o":{"x":[0.167],"y":[0]},"t":90,"s":[167.018]},{"i":{"x":[0.144],"y":[0.994]},"o":{"x":[0.965],"y":[0]},"t":91,"s":[167.018]},{"i":{"x":[0],"y":[1]},"o":{"x":[0.779],"y":[-0.009]},"t":121,"s":[-257]},{"i":{"x":[0.667],"y":[1]},"o":{"x":[0.167],"y":[0]},"t":171,"s":[167.018]},{"i":{"x":[0.144],"y":[0.994]},"o":{"x":[0.965],"y":[0]},"t":172,"s":[167.018]},{"i":{"x":[0],"y":[1]},"o":{"x":[0.779],"y":[-0.009]},"t":202,"s":[-257]},{"t":252,"s":[167.018]}],"ix":4}},"a":{"a":0,"k":[0,0,0],"ix":1},"s":{"a":0,"k":[30,30,100],"ix":6}},"ao":0,"shapes":[{"ty":"gr","it":[{"d":1,"ty":"el","s":{"a":0,"k":[200,200],"ix":2},"p":{"a":0,"k":[0,0],"ix":3},"nm":"Ellipse Path 1","mn":"ADBE Vector Shape - Ellipse","hd":false},{"ty":"st","c":{"a":0,"k":[1,1,1,1],"ix":3},"o":{"a":0,"k":100,"ix":4},"w":{"a":0,"k":0,"ix":5},"lc":1,"lj":1,"ml":4,"bm":0,"nm":"Stroke 1","mn":"ADBE Vector Graphic - Stroke","hd":false},{"ty":"fl","c":{"a":0,"k":[0.142391384349,0.772549019608,0.542726763557,1],"ix":4},"o":{"a":0,"k":100,"ix":5},"r":1,"bm":0,"nm":"Fill 1","mn":"ADBE Vector Graphic - Fill","hd":false},{"ty":"tr","p":{"a":0,"k":[0,0],"ix":2},"a":{"a":0,"k":[0,0],"ix":1},"s":{"a":0,"k":[100,100],"ix":3},"r":{"a":0,"k":0,"ix":6},"o":{"a":0,"k":100,"ix":7},"sk":{"a":0,"k":0,"ix":4},"sa":{"a":0,"k":0,"ix":5},"nm":"Transform"}],"nm":"Group 1","np":3,"cix":2,"bm":0,"ix":1,"mn":"ADBE Vector Group","hd":false}],"ip":0,"op":610,"st":10,"bm":0},{"ddd":0,"ind":24,"ty":4,"nm":"Ball 12","parent":19,"sr":1,"ks":{"o":{"a":0,"k":100,"ix":11},"r":{"a":0,"k":0,"ix":10},"p":{"s":true,"x":{"a":0,"k":-40,"ix":3},"y":{"a":1,"k":[{"i":{"x":[0.144],"y":[0.994]},"o":{"x":[0.965],"y":[0]},"t":8,"s":[167.018]},{"i":{"x":[0],"y":[1]},"o":{"x":[0.779],"y":[-0.009]},"t":38,"s":[-257]},{"i":{"x":[0.667],"y":[1]},"o":{"x":[0.167],"y":[0]},"t":88,"s":[167.018]},{"i":{"x":[0.144],"y":[0.994]},"o":{"x":[0.965],"y":[0]},"t":89,"s":[167.018]},{"i":{"x":[0],"y":[1]},"o":{"x":[0.779],"y":[-0.009]},"t":119,"s":[-257]},{"i":{"x":[0.667],"y":[1]},"o":{"x":[0.167],"y":[0]},"t":169,"s":[167.018]},{"i":{"x":[0.144],"y":[0.994]},"o":{"x":[0.965],"y":[0]},"t":170,"s":[167.018]},{"i":{"x":[0],"y":[1]},"o":{"x":[0.779],"y":[-0.009]},"t":200,"s":[-257]},{"t":250,"s":[167.018]}],"ix":4}},"a":{"a":0,"k":[0,0,0],"ix":1},"s":{"a":0,"k":[30,30,100],"ix":6}},"ao":0,"shapes":[{"ty":"gr","it":[{"d":1,"ty":"el","s":{"a":0,"k":[200,200],"ix":2},"p":{"a":0,"k":[0,0],"ix":3},"nm":"Ellipse Path 1","mn":"ADBE Vector Shape - Ellipse","hd":false},{"ty":"st","c":{"a":0,"k":[1,1,1,1],"ix":3},"o":{"a":0,"k":100,"ix":4},"w":{"a":0,"k":0,"ix":5},"lc":1,"lj":1,"ml":4,"bm":0,"nm":"Stroke 1","mn":"ADBE Vector Graphic - Stroke","hd":false},{"ty":"fl","c":{"a":0,"k":[0.142391384349,0.772549019608,0.542726763557,1],"ix":4},"o":{"a":0,"k":100,"ix":5},"r":1,"bm":0,"nm":"Fill 1","mn":"ADBE Vector Graphic - Fill","hd":false},{"ty":"tr","p":{"a":0,"k":[0,0],"ix":2},"a":{"a":0,"k":[0,0],"ix":1},"s":{"a":0,"k":[100,100],"ix":3},"r":{"a":0,"k":0,"ix":6},"o":{"a":0,"k":100,"ix":7},"sk":{"a":0,"k":0,"ix":4},"sa":{"a":0,"k":0,"ix":5},"nm":"Transform"}],"nm":"Group 1","np":3,"cix":2,"bm":0,"ix":1,"mn":"ADBE Vector Group","hd":false}],"ip":0,"op":608,"st":8,"bm":0},{"ddd":0,"ind":25,"ty":4,"nm":"Ball 11","parent":19,"sr":1,"ks":{"o":{"a":0,"k":100,"ix":11},"r":{"a":0,"k":0,"ix":10},"p":{"s":true,"x":{"a":0,"k":-160,"ix":3},"y":{"a":1,"k":[{"i":{"x":[0.144],"y":[0.994]},"o":{"x":[0.965],"y":[0]},"t":6,"s":[167.018]},{"i":{"x":[0],"y":[1]},"o":{"x":[0.779],"y":[-0.009]},"t":36,"s":[-257]},{"i":{"x":[0.667],"y":[1]},"o":{"x":[0.167],"y":[0]},"t":86,"s":[167.018]},{"i":{"x":[0.144],"y":[0.994]},"o":{"x":[0.965],"y":[0]},"t":87,"s":[167.018]},{"i":{"x":[0],"y":[1]},"o":{"x":[0.779],"y":[-0.009]},"t":117,"s":[-257]},{"i":{"x":[0.667],"y":[1]},"o":{"x":[0.167],"y":[0]},"t":167,"s":[167.018]},{"i":{"x":[0.144],"y":[0.994]},"o":{"x":[0.965],"y":[0]},"t":168,"s":[167.018]},{"i":{"x":[0],"y":[1]},"o":{"x":[0.779],"y":[-0.009]},"t":198,"s":[-257]},{"t":248,"s":[167.018]}],"ix":4}},"a":{"a":0,"k":[0,0,0],"ix":1},"s":{"a":0,"k":[30,30,100],"ix":6}},"ao":0,"shapes":[{"ty":"gr","it":[{"d":1,"ty":"el","s":{"a":0,"k":[200,200],"ix":2},"p":{"a":0,"k":[0,0],"ix":3},"nm":"Ellipse Path 1","mn":"ADBE Vector Shape - Ellipse","hd":false},{"ty":"st","c":{"a":0,"k":[1,1,1,1],"ix":3},"o":{"a":0,"k":100,"ix":4},"w":{"a":0,"k":0,"ix":5},"lc":1,"lj":1,"ml":4,"bm":0,"nm":"Stroke 1","mn":"ADBE Vector Graphic - Stroke","hd":false},{"ty":"fl","c":{"a":0,"k":[0.142391384349,0.772549019608,0.542726763557,1],"ix":4},"o":{"a":0,"k":100,"ix":5},"r":1,"bm":0,"nm":"Fill 1","mn":"ADBE Vector Graphic - Fill","hd":false},{"ty":"tr","p":{"a":0,"k":[0,0],"ix":2},"a":{"a":0,"k":[0,0],"ix":1},"s":{"a":0,"k":[100,100],"ix":3},"r":{"a":0,"k":0,"ix":6},"o":{"a":0,"k":100,"ix":7},"sk":{"a":0,"k":0,"ix":4},"sa":{"a":0,"k":0,"ix":5},"nm":"Transform"}],"nm":"Group 1","np":3,"cix":2,"bm":0,"ix":1,"mn":"ADBE Vector Group","hd":false}],"ip":0,"op":606,"st":6,"bm":0},{"ddd":0,"ind":26,"ty":4,"nm":"Ball 10","parent":19,"sr":1,"ks":{"o":{"a":0,"k":100,"ix":11},"r":{"a":0,"k":0,"ix":10},"p":{"s":true,"x":{"a":0,"k":-280,"ix":3},"y":{"a":1,"k":[{"i":{"x":[0.144],"y":[0.994]},"o":{"x":[0.965],"y":[0]},"t":4,"s":[167.018]},{"i":{"x":[0],"y":[1]},"o":{"x":[0.779],"y":[-0.009]},"t":34,"s":[-257]},{"i":{"x":[0.667],"y":[1]},"o":{"x":[0.167],"y":[0]},"t":84,"s":[167.018]},{"i":{"x":[0.144],"y":[0.994]},"o":{"x":[0.965],"y":[0]},"t":85,"s":[167.018]},{"i":{"x":[0],"y":[1]},"o":{"x":[0.779],"y":[-0.009]},"t":115,"s":[-257]},{"i":{"x":[0.667],"y":[1]},"o":{"x":[0.167],"y":[0]},"t":165,"s":[167.018]},{"i":{"x":[0.144],"y":[0.994]},"o":{"x":[0.965],"y":[0]},"t":166,"s":[167.018]},{"i":{"x":[0],"y":[1]},"o":{"x":[0.779],"y":[-0.009]},"t":196,"s":[-257]},{"t":246,"s":[167.018]}],"ix":4}},"a":{"a":0,"k":[0,0,0],"ix":1},"s":{"a":0,"k":[30,30,100],"ix":6}},"ao":0,"shapes":[{"ty":"gr","it":[{"d":1,"ty":"el","s":{"a":0,"k":[200,200],"ix":2},"p":{"a":0,"k":[0,0],"ix":3},"nm":"Ellipse Path 1","mn":"ADBE Vector Shape - Ellipse","hd":false},{"ty":"st","c":{"a":0,"k":[1,1,1,1],"ix":3},"o":{"a":0,"k":100,"ix":4},"w":{"a":0,"k":0,"ix":5},"lc":1,"lj":1,"ml":4,"bm":0,"nm":"Stroke 1","mn":"ADBE Vector Graphic - Stroke","hd":false},{"ty":"fl","c":{"a":0,"k":[0.142391384349,0.772549019608,0.542726763557,1],"ix":4},"o":{"a":0,"k":100,"ix":5},"r":1,"bm":0,"nm":"Fill 1","mn":"ADBE Vector Graphic - Fill","hd":false},{"ty":"tr","p":{"a":0,"k":[0,0],"ix":2},"a":{"a":0,"k":[0,0],"ix":1},"s":{"a":0,"k":[100,100],"ix":3},"r":{"a":0,"k":0,"ix":6},"o":{"a":0,"k":100,"ix":7},"sk":{"a":0,"k":0,"ix":4},"sa":{"a":0,"k":0,"ix":5},"nm":"Transform"}],"nm":"Group 1","np":3,"cix":2,"bm":0,"ix":1,"mn":"ADBE Vector Group","hd":false}],"ip":0,"op":604,"st":4,"bm":0},{"ddd":0,"ind":27,"ty":4,"nm":"Ball 9","parent":19,"sr":1,"ks":{"o":{"a":0,"k":100,"ix":11},"r":{"a":0,"k":0,"ix":10},"p":{"s":true,"x":{"a":0,"k":-400,"ix":3},"y":{"a":1,"k":[{"i":{"x":[0.144],"y":[0.994]},"o":{"x":[0.965],"y":[0]},"t":2,"s":[167.018]},{"i":{"x":[0],"y":[1]},"o":{"x":[0.779],"y":[-0.009]},"t":32,"s":[-257]},{"i":{"x":[0.667],"y":[1]},"o":{"x":[0.167],"y":[0]},"t":82,"s":[167.018]},{"i":{"x":[0.144],"y":[0.994]},"o":{"x":[0.965],"y":[0]},"t":83,"s":[167.018]},{"i":{"x":[0],"y":[1]},"o":{"x":[0.779],"y":[-0.009]},"t":113,"s":[-257]},{"i":{"x":[0.667],"y":[1]},"o":{"x":[0.167],"y":[0]},"t":163,"s":[167.018]},{"i":{"x":[0.144],"y":[0.994]},"o":{"x":[0.965],"y":[0]},"t":164,"s":[167.018]},{"i":{"x":[0],"y":[1]},"o":{"x":[0.779],"y":[-0.009]},"t":194,"s":[-257]},{"t":244,"s":[167.018]}],"ix":4}},"a":{"a":0,"k":[0,0,0],"ix":1},"s":{"a":0,"k":[30,30,100],"ix":6}},"ao":0,"shapes":[{"ty":"gr","it":[{"d":1,"ty":"el","s":{"a":0,"k":[200,200],"ix":2},"p":{"a":0,"k":[0,0],"ix":3},"nm":"Ellipse Path 1","mn":"ADBE Vector Shape - Ellipse","hd":false},{"ty":"st","c":{"a":0,"k":[1,1,1,1],"ix":3},"o":{"a":0,"k":100,"ix":4},"w":{"a":0,"k":0,"ix":5},"lc":1,"lj":1,"ml":4,"bm":0,"nm":"Stroke 1","mn":"ADBE Vector Graphic - Stroke","hd":false},{"ty":"fl","c":{"a":0,"k":[0.142391384349,0.772549019608,0.542726763557,1],"ix":4},"o":{"a":0,"k":100,"ix":5},"r":1,"bm":0,"nm":"Fill 1","mn":"ADBE Vector Graphic - Fill","hd":false},{"ty":"tr","p":{"a":0,"k":[0,0],"ix":2},"a":{"a":0,"k":[0,0],"ix":1},"s":{"a":0,"k":[100,100],"ix":3},"r":{"a":0,"k":0,"ix":6},"o":{"a":0,"k":100,"ix":7},"sk":{"a":0,"k":0,"ix":4},"sa":{"a":0,"k":0,"ix":5},"nm":"Transform"}],"nm":"Group 1","np":3,"cix":2,"bm":0,"ix":1,"mn":"ADBE Vector Group","hd":false}],"ip":0,"op":602,"st":2,"bm":0},{"ddd":0,"ind":28,"ty":3,"nm":"Control 4","sr":1,"ks":{"o":{"a":0,"k":0,"ix":11},"r":{"a":0,"k":0,"ix":10},"p":{"a":0,"k":[940,972,0],"ix":2},"a":{"a":0,"k":[0,0,0],"ix":1},"s":{"a":1,"k":[{"i":{"x":[0.091,0.091,0.667],"y":[1,1,1]},"o":{"x":[0.623,0.623,0.333],"y":[0,0,0]},"t":7,"s":[100,100,100]},{"i":{"x":[0.119,0.119,0.667],"y":[1,1,1]},"o":{"x":[0.587,0.587,0.333],"y":[0,0,0]},"t":47,"s":[104.011,104.011,100]},{"i":{"x":[0.053,0.053,0.667],"y":[1,1,1]},"o":{"x":[0.734,0.734,0.333],"y":[0,0,0]},"t":88,"s":[100,100,100]},{"i":{"x":[0.226,0.226,0.667],"y":[1,1,1]},"o":{"x":[0.503,0.503,0.333],"y":[0,0,0]},"t":121,"s":[104.011,104.011,100]},{"i":{"x":[0.05,0.05,0.667],"y":[1,1,1]},"o":{"x":[0.843,0.843,0.333],"y":[0,0,0]},"t":168,"s":[100,100,100]},{"t":203,"s":[100,100,100]}],"ix":6}},"ao":0,"ip":0,"op":600,"st":0,"bm":0},{"ddd":0,"ind":29,"ty":4,"nm":"Ball 8","parent":28,"sr":1,"ks":{"o":{"a":0,"k":100,"ix":11},"r":{"a":0,"k":0,"ix":10},"p":{"s":true,"x":{"a":0,"k":440,"ix":3},"y":{"a":1,"k":[{"i":{"x":[0.144],"y":[0.994]},"o":{"x":[0.965],"y":[0]},"t":14,"s":[167.018]},{"i":{"x":[0],"y":[1]},"o":{"x":[0.779],"y":[-0.009]},"t":44,"s":[-257]},{"i":{"x":[0.667],"y":[1]},"o":{"x":[0.167],"y":[0]},"t":94,"s":[167.018]},{"i":{"x":[0.144],"y":[0.994]},"o":{"x":[0.965],"y":[0]},"t":95,"s":[167.018]},{"i":{"x":[0],"y":[1]},"o":{"x":[0.779],"y":[-0.009]},"t":125,"s":[-257]},{"i":{"x":[0.667],"y":[1]},"o":{"x":[0.167],"y":[0]},"t":175,"s":[167.018]},{"i":{"x":[0.144],"y":[0.994]},"o":{"x":[0.965],"y":[0]},"t":176,"s":[167.018]},{"i":{"x":[0],"y":[1]},"o":{"x":[0.779],"y":[-0.009]},"t":206,"s":[-257]},{"t":256,"s":[167.018]}],"ix":4}},"a":{"a":0,"k":[0,0,0],"ix":1},"s":{"a":0,"k":[30,30,100],"ix":6}},"ao":0,"shapes":[{"ty":"gr","it":[{"d":1,"ty":"el","s":{"a":0,"k":[200,200],"ix":2},"p":{"a":0,"k":[0,0],"ix":3},"nm":"Ellipse Path 1","mn":"ADBE Vector Shape - Ellipse","hd":false},{"ty":"st","c":{"a":0,"k":[1,1,1,1],"ix":3},"o":{"a":0,"k":100,"ix":4},"w":{"a":0,"k":0,"ix":5},"lc":1,"lj":1,"ml":4,"bm":0,"nm":"Stroke 1","mn":"ADBE Vector Graphic - Stroke","hd":false},{"ty":"fl","c":{"a":0,"k":[1,0.380392126944,0.380392126944,1],"ix":4},"o":{"a":0,"k":100,"ix":5},"r":1,"bm":0,"nm":"Fill 1","mn":"ADBE Vector Graphic - Fill","hd":false},{"ty":"tr","p":{"a":0,"k":[0,0],"ix":2},"a":{"a":0,"k":[0,0],"ix":1},"s":{"a":0,"k":[100,100],"ix":3},"r":{"a":0,"k":0,"ix":6},"o":{"a":0,"k":100,"ix":7},"sk":{"a":0,"k":0,"ix":4},"sa":{"a":0,"k":0,"ix":5},"nm":"Transform"}],"nm":"Group 1","np":3,"cix":2,"bm":0,"ix":1,"mn":"ADBE Vector Group","hd":false}],"ip":0,"op":614,"st":14,"bm":0},{"ddd":0,"ind":30,"ty":4,"nm":"Ball 7","parent":28,"sr":1,"ks":{"o":{"a":0,"k":100,"ix":11},"r":{"a":0,"k":0,"ix":10},"p":{"s":true,"x":{"a":0,"k":320,"ix":3},"y":{"a":1,"k":[{"i":{"x":[0.144],"y":[0.994]},"o":{"x":[0.965],"y":[0]},"t":12,"s":[167.018]},{"i":{"x":[0],"y":[1]},"o":{"x":[0.779],"y":[-0.009]},"t":42,"s":[-257]},{"i":{"x":[0.667],"y":[1]},"o":{"x":[0.167],"y":[0]},"t":92,"s":[167.018]},{"i":{"x":[0.144],"y":[0.994]},"o":{"x":[0.965],"y":[0]},"t":93,"s":[167.018]},{"i":{"x":[0],"y":[1]},"o":{"x":[0.779],"y":[-0.009]},"t":123,"s":[-257]},{"i":{"x":[0.667],"y":[1]},"o":{"x":[0.167],"y":[0]},"t":173,"s":[167.018]},{"i":{"x":[0.144],"y":[0.994]},"o":{"x":[0.965],"y":[0]},"t":174,"s":[167.018]},{"i":{"x":[0],"y":[1]},"o":{"x":[0.779],"y":[-0.009]},"t":204,"s":[-257]},{"t":254,"s":[167.018]}],"ix":4}},"a":{"a":0,"k":[0,0,0],"ix":1},"s":{"a":0,"k":[30,30,100],"ix":6}},"ao":0,"shapes":[{"ty":"gr","it":[{"d":1,"ty":"el","s":{"a":0,"k":[200,200],"ix":2},"p":{"a":0,"k":[0,0],"ix":3},"nm":"Ellipse Path 1","mn":"ADBE Vector Shape - Ellipse","hd":false},{"ty":"st","c":{"a":0,"k":[1,1,1,1],"ix":3},"o":{"a":0,"k":100,"ix":4},"w":{"a":0,"k":0,"ix":5},"lc":1,"lj":1,"ml":4,"bm":0,"nm":"Stroke 1","mn":"ADBE Vector Graphic - Stroke","hd":false},{"ty":"fl","c":{"a":0,"k":[1,0.380392126944,0.380392126944,1],"ix":4},"o":{"a":0,"k":100,"ix":5},"r":1,"bm":0,"nm":"Fill 1","mn":"ADBE Vector Graphic - Fill","hd":false},{"ty":"tr","p":{"a":0,"k":[0,0],"ix":2},"a":{"a":0,"k":[0,0],"ix":1},"s":{"a":0,"k":[100,100],"ix":3},"r":{"a":0,"k":0,"ix":6},"o":{"a":0,"k":100,"ix":7},"sk":{"a":0,"k":0,"ix":4},"sa":{"a":0,"k":0,"ix":5},"nm":"Transform"}],"nm":"Group 1","np":3,"cix":2,"bm":0,"ix":1,"mn":"ADBE Vector Group","hd":false}],"ip":0,"op":612,"st":12,"bm":0},{"ddd":0,"ind":31,"ty":4,"nm":"Ball 6","parent":28,"sr":1,"ks":{"o":{"a":0,"k":100,"ix":11},"r":{"a":0,"k":0,"ix":10},"p":{"s":true,"x":{"a":0,"k":200,"ix":3},"y":{"a":1,"k":[{"i":{"x":[0.144],"y":[0.994]},"o":{"x":[0.965],"y":[0]},"t":10,"s":[167.018]},{"i":{"x":[0],"y":[1]},"o":{"x":[0.779],"y":[-0.009]},"t":40,"s":[-257]},{"i":{"x":[0.667],"y":[1]},"o":{"x":[0.167],"y":[0]},"t":90,"s":[167.018]},{"i":{"x":[0.144],"y":[0.994]},"o":{"x":[0.965],"y":[0]},"t":91,"s":[167.018]},{"i":{"x":[0],"y":[1]},"o":{"x":[0.779],"y":[-0.009]},"t":121,"s":[-257]},{"i":{"x":[0.667],"y":[1]},"o":{"x":[0.167],"y":[0]},"t":171,"s":[167.018]},{"i":{"x":[0.144],"y":[0.994]},"o":{"x":[0.965],"y":[0]},"t":172,"s":[167.018]},{"i":{"x":[0],"y":[1]},"o":{"x":[0.779],"y":[-0.009]},"t":202,"s":[-257]},{"t":252,"s":[167.018]}],"ix":4}},"a":{"a":0,"k":[0,0,0],"ix":1},"s":{"a":0,"k":[30,30,100],"ix":6}},"ao":0,"shapes":[{"ty":"gr","it":[{"d":1,"ty":"el","s":{"a":0,"k":[200,200],"ix":2},"p":{"a":0,"k":[0,0],"ix":3},"nm":"Ellipse Path 1","mn":"ADBE Vector Shape - Ellipse","hd":false},{"ty":"st","c":{"a":0,"k":[1,1,1,1],"ix":3},"o":{"a":0,"k":100,"ix":4},"w":{"a":0,"k":0,"ix":5},"lc":1,"lj":1,"ml":4,"bm":0,"nm":"Stroke 1","mn":"ADBE Vector Graphic - Stroke","hd":false},{"ty":"fl","c":{"a":0,"k":[1,0.380392126944,0.380392126944,1],"ix":4},"o":{"a":0,"k":100,"ix":5},"r":1,"bm":0,"nm":"Fill 1","mn":"ADBE Vector Graphic - Fill","hd":false},{"ty":"tr","p":{"a":0,"k":[0,0],"ix":2},"a":{"a":0,"k":[0,0],"ix":1},"s":{"a":0,"k":[100,100],"ix":3},"r":{"a":0,"k":0,"ix":6},"o":{"a":0,"k":100,"ix":7},"sk":{"a":0,"k":0,"ix":4},"sa":{"a":0,"k":0,"ix":5},"nm":"Transform"}],"nm":"Group 1","np":3,"cix":2,"bm":0,"ix":1,"mn":"ADBE Vector Group","hd":false}],"ip":0,"op":610,"st":10,"bm":0},{"ddd":0,"ind":32,"ty":4,"nm":"Ball 5","parent":28,"sr":1,"ks":{"o":{"a":0,"k":100,"ix":11},"r":{"a":0,"k":0,"ix":10},"p":{"s":true,"x":{"a":0,"k":80,"ix":3},"y":{"a":1,"k":[{"i":{"x":[0.144],"y":[0.994]},"o":{"x":[0.965],"y":[0]},"t":8,"s":[167.018]},{"i":{"x":[0],"y":[1]},"o":{"x":[0.779],"y":[-0.009]},"t":38,"s":[-257]},{"i":{"x":[0.667],"y":[1]},"o":{"x":[0.167],"y":[0]},"t":88,"s":[167.018]},{"i":{"x":[0.144],"y":[0.994]},"o":{"x":[0.965],"y":[0]},"t":89,"s":[167.018]},{"i":{"x":[0],"y":[1]},"o":{"x":[0.779],"y":[-0.009]},"t":119,"s":[-257]},{"i":{"x":[0.667],"y":[1]},"o":{"x":[0.167],"y":[0]},"t":169,"s":[167.018]},{"i":{"x":[0.144],"y":[0.994]},"o":{"x":[0.965],"y":[0]},"t":170,"s":[167.018]},{"i":{"x":[0],"y":[1]},"o":{"x":[0.779],"y":[-0.009]},"t":200,"s":[-257]},{"t":250,"s":[167.018]}],"ix":4}},"a":{"a":0,"k":[0,0,0],"ix":1},"s":{"a":0,"k":[30,30,100],"ix":6}},"ao":0,"shapes":[{"ty":"gr","it":[{"d":1,"ty":"el","s":{"a":0,"k":[200,200],"ix":2},"p":{"a":0,"k":[0,0],"ix":3},"nm":"Ellipse Path 1","mn":"ADBE Vector Shape - Ellipse","hd":false},{"ty":"st","c":{"a":0,"k":[1,1,1,1],"ix":3},"o":{"a":0,"k":100,"ix":4},"w":{"a":0,"k":0,"ix":5},"lc":1,"lj":1,"ml":4,"bm":0,"nm":"Stroke 1","mn":"ADBE Vector Graphic - Stroke","hd":false},{"ty":"fl","c":{"a":0,"k":[1,0.380392126944,0.380392126944,1],"ix":4},"o":{"a":0,"k":100,"ix":5},"r":1,"bm":0,"nm":"Fill 1","mn":"ADBE Vector Graphic - Fill","hd":false},{"ty":"tr","p":{"a":0,"k":[0,0],"ix":2},"a":{"a":0,"k":[0,0],"ix":1},"s":{"a":0,"k":[100,100],"ix":3},"r":{"a":0,"k":0,"ix":6},"o":{"a":0,"k":100,"ix":7},"sk":{"a":0,"k":0,"ix":4},"sa":{"a":0,"k":0,"ix":5},"nm":"Transform"}],"nm":"Group 1","np":3,"cix":2,"bm":0,"ix":1,"mn":"ADBE Vector Group","hd":false}],"ip":0,"op":608,"st":8,"bm":0},{"ddd":0,"ind":33,"ty":4,"nm":"Ball 4","parent":28,"sr":1,"ks":{"o":{"a":0,"k":100,"ix":11},"r":{"a":0,"k":0,"ix":10},"p":{"s":true,"x":{"a":0,"k":-40,"ix":3},"y":{"a":1,"k":[{"i":{"x":[0.144],"y":[0.994]},"o":{"x":[0.965],"y":[0]},"t":6,"s":[167.018]},{"i":{"x":[0],"y":[1]},"o":{"x":[0.779],"y":[-0.009]},"t":36,"s":[-257]},{"i":{"x":[0.667],"y":[1]},"o":{"x":[0.167],"y":[0]},"t":86,"s":[167.018]},{"i":{"x":[0.144],"y":[0.994]},"o":{"x":[0.965],"y":[0]},"t":87,"s":[167.018]},{"i":{"x":[0],"y":[1]},"o":{"x":[0.779],"y":[-0.009]},"t":117,"s":[-257]},{"i":{"x":[0.667],"y":[1]},"o":{"x":[0.167],"y":[0]},"t":167,"s":[167.018]},{"i":{"x":[0.144],"y":[0.994]},"o":{"x":[0.965],"y":[0]},"t":168,"s":[167.018]},{"i":{"x":[0],"y":[1]},"o":{"x":[0.779],"y":[-0.009]},"t":198,"s":[-257]},{"t":248,"s":[167.018]}],"ix":4}},"a":{"a":0,"k":[0,0,0],"ix":1},"s":{"a":0,"k":[30,30,100],"ix":6}},"ao":0,"shapes":[{"ty":"gr","it":[{"d":1,"ty":"el","s":{"a":0,"k":[200,200],"ix":2},"p":{"a":0,"k":[0,0],"ix":3},"nm":"Ellipse Path 1","mn":"ADBE Vector Shape - Ellipse","hd":false},{"ty":"st","c":{"a":0,"k":[1,1,1,1],"ix":3},"o":{"a":0,"k":100,"ix":4},"w":{"a":0,"k":0,"ix":5},"lc":1,"lj":1,"ml":4,"bm":0,"nm":"Stroke 1","mn":"ADBE Vector Graphic - Stroke","hd":false},{"ty":"fl","c":{"a":0,"k":[1,0.380392126944,0.380392126944,1],"ix":4},"o":{"a":0,"k":100,"ix":5},"r":1,"bm":0,"nm":"Fill 1","mn":"ADBE Vector Graphic - Fill","hd":false},{"ty":"tr","p":{"a":0,"k":[0,0],"ix":2},"a":{"a":0,"k":[0,0],"ix":1},"s":{"a":0,"k":[100,100],"ix":3},"r":{"a":0,"k":0,"ix":6},"o":{"a":0,"k":100,"ix":7},"sk":{"a":0,"k":0,"ix":4},"sa":{"a":0,"k":0,"ix":5},"nm":"Transform"}],"nm":"Group 1","np":3,"cix":2,"bm":0,"ix":1,"mn":"ADBE Vector Group","hd":false}],"ip":0,"op":606,"st":6,"bm":0},{"ddd":0,"ind":34,"ty":4,"nm":"Ball 3","parent":28,"sr":1,"ks":{"o":{"a":0,"k":100,"ix":11},"r":{"a":0,"k":0,"ix":10},"p":{"s":true,"x":{"a":0,"k":-160,"ix":3},"y":{"a":1,"k":[{"i":{"x":[0.144],"y":[0.994]},"o":{"x":[0.965],"y":[0]},"t":4,"s":[167.018]},{"i":{"x":[0],"y":[1]},"o":{"x":[0.779],"y":[-0.009]},"t":34,"s":[-257]},{"i":{"x":[0.667],"y":[1]},"o":{"x":[0.167],"y":[0]},"t":84,"s":[167.018]},{"i":{"x":[0.144],"y":[0.994]},"o":{"x":[0.965],"y":[0]},"t":85,"s":[167.018]},{"i":{"x":[0],"y":[1]},"o":{"x":[0.779],"y":[-0.009]},"t":115,"s":[-257]},{"i":{"x":[0.667],"y":[1]},"o":{"x":[0.167],"y":[0]},"t":165,"s":[167.018]},{"i":{"x":[0.144],"y":[0.994]},"o":{"x":[0.965],"y":[0]},"t":166,"s":[167.018]},{"i":{"x":[0],"y":[1]},"o":{"x":[0.779],"y":[-0.009]},"t":196,"s":[-257]},{"t":246,"s":[167.018]}],"ix":4}},"a":{"a":0,"k":[0,0,0],"ix":1},"s":{"a":0,"k":[30,30,100],"ix":6}},"ao":0,"shapes":[{"ty":"gr","it":[{"d":1,"ty":"el","s":{"a":0,"k":[200,200],"ix":2},"p":{"a":0,"k":[0,0],"ix":3},"nm":"Ellipse Path 1","mn":"ADBE Vector Shape - Ellipse","hd":false},{"ty":"st","c":{"a":0,"k":[1,1,1,1],"ix":3},"o":{"a":0,"k":100,"ix":4},"w":{"a":0,"k":0,"ix":5},"lc":1,"lj":1,"ml":4,"bm":0,"nm":"Stroke 1","mn":"ADBE Vector Graphic - Stroke","hd":false},{"ty":"fl","c":{"a":0,"k":[1,0.380392126944,0.380392126944,1],"ix":4},"o":{"a":0,"k":100,"ix":5},"r":1,"bm":0,"nm":"Fill 1","mn":"ADBE Vector Graphic - Fill","hd":false},{"ty":"tr","p":{"a":0,"k":[0,0],"ix":2},"a":{"a":0,"k":[0,0],"ix":1},"s":{"a":0,"k":[100,100],"ix":3},"r":{"a":0,"k":0,"ix":6},"o":{"a":0,"k":100,"ix":7},"sk":{"a":0,"k":0,"ix":4},"sa":{"a":0,"k":0,"ix":5},"nm":"Transform"}],"nm":"Group 1","np":3,"cix":2,"bm":0,"ix":1,"mn":"ADBE Vector Group","hd":false}],"ip":0,"op":604,"st":4,"bm":0},{"ddd":0,"ind":35,"ty":4,"nm":"Ball 2","parent":28,"sr":1,"ks":{"o":{"a":0,"k":100,"ix":11},"r":{"a":0,"k":0,"ix":10},"p":{"s":true,"x":{"a":0,"k":-280,"ix":3},"y":{"a":1,"k":[{"i":{"x":[0.144],"y":[0.994]},"o":{"x":[0.965],"y":[0]},"t":2,"s":[167.018]},{"i":{"x":[0],"y":[1]},"o":{"x":[0.779],"y":[-0.009]},"t":32,"s":[-257]},{"i":{"x":[0.667],"y":[1]},"o":{"x":[0.167],"y":[0]},"t":82,"s":[167.018]},{"i":{"x":[0.144],"y":[0.994]},"o":{"x":[0.965],"y":[0]},"t":83,"s":[167.018]},{"i":{"x":[0],"y":[1]},"o":{"x":[0.779],"y":[-0.009]},"t":113,"s":[-257]},{"i":{"x":[0.667],"y":[1]},"o":{"x":[0.167],"y":[0]},"t":163,"s":[167.018]},{"i":{"x":[0.144],"y":[0.994]},"o":{"x":[0.965],"y":[0]},"t":164,"s":[167.018]},{"i":{"x":[0],"y":[1]},"o":{"x":[0.779],"y":[-0.009]},"t":194,"s":[-257]},{"t":244,"s":[167.018]}],"ix":4}},"a":{"a":0,"k":[0,0,0],"ix":1},"s":{"a":0,"k":[30,30,100],"ix":6}},"ao":0,"shapes":[{"ty":"gr","it":[{"d":1,"ty":"el","s":{"a":0,"k":[200,200],"ix":2},"p":{"a":0,"k":[0,0],"ix":3},"nm":"Ellipse Path 1","mn":"ADBE Vector Shape - Ellipse","hd":false},{"ty":"st","c":{"a":0,"k":[1,1,1,1],"ix":3},"o":{"a":0,"k":100,"ix":4},"w":{"a":0,"k":0,"ix":5},"lc":1,"lj":1,"ml":4,"bm":0,"nm":"Stroke 1","mn":"ADBE Vector Graphic - Stroke","hd":false},{"ty":"fl","c":{"a":0,"k":[1,0.380392126944,0.380392126944,1],"ix":4},"o":{"a":0,"k":100,"ix":5},"r":1,"bm":0,"nm":"Fill 1","mn":"ADBE Vector Graphic - Fill","hd":false},{"ty":"tr","p":{"a":0,"k":[0,0],"ix":2},"a":{"a":0,"k":[0,0],"ix":1},"s":{"a":0,"k":[100,100],"ix":3},"r":{"a":0,"k":0,"ix":6},"o":{"a":0,"k":100,"ix":7},"sk":{"a":0,"k":0,"ix":4},"sa":{"a":0,"k":0,"ix":5},"nm":"Transform"}],"nm":"Group 1","np":3,"cix":2,"bm":0,"ix":1,"mn":"ADBE Vector Group","hd":false}],"ip":0,"op":602,"st":2,"bm":0},{"ddd":0,"ind":36,"ty":4,"nm":"Ball 1","parent":28,"sr":1,"ks":{"o":{"a":0,"k":100,"ix":11},"r":{"a":0,"k":0,"ix":10},"p":{"s":true,"x":{"a":0,"k":-400,"ix":3},"y":{"a":1,"k":[{"i":{"x":[0.144],"y":[0.994]},"o":{"x":[0.965],"y":[0]},"t":0,"s":[167.018]},{"i":{"x":[0],"y":[1]},"o":{"x":[0.779],"y":[-0.009]},"t":30,"s":[-257]},{"i":{"x":[0.667],"y":[1]},"o":{"x":[0.167],"y":[0]},"t":80,"s":[167.018]},{"i":{"x":[0.144],"y":[0.994]},"o":{"x":[0.965],"y":[0]},"t":81,"s":[167.018]},{"i":{"x":[0],"y":[1]},"o":{"x":[0.779],"y":[-0.009]},"t":111,"s":[-257]},{"i":{"x":[0.667],"y":[1]},"o":{"x":[0.167],"y":[0]},"t":161,"s":[167.018]},{"i":{"x":[0.144],"y":[0.994]},"o":{"x":[0.965],"y":[0]},"t":162,"s":[167.018]},{"i":{"x":[0],"y":[1]},"o":{"x":[0.779],"y":[-0.009]},"t":192,"s":[-257]},{"t":242,"s":[167.018]}],"ix":4}},"a":{"a":0,"k":[0,0,0],"ix":1},"s":{"a":0,"k":[30,30,100],"ix":6}},"ao":0,"shapes":[{"ty":"gr","it":[{"d":1,"ty":"el","s":{"a":0,"k":[200,200],"ix":2},"p":{"a":0,"k":[0,0],"ix":3},"nm":"Ellipse Path 1","mn":"ADBE Vector Shape - Ellipse","hd":false},{"ty":"st","c":{"a":0,"k":[1,1,1,1],"ix":3},"o":{"a":0,"k":100,"ix":4},"w":{"a":0,"k":0,"ix":5},"lc":1,"lj":1,"ml":4,"bm":0,"nm":"Stroke 1","mn":"ADBE Vector Graphic - Stroke","hd":false},{"ty":"fl","c":{"a":0,"k":[1,0.380392126944,0.380392126944,1],"ix":4},"o":{"a":0,"k":100,"ix":5},"r":1,"bm":0,"nm":"Fill 1","mn":"ADBE Vector Graphic - Fill","hd":false},{"ty":"tr","p":{"a":0,"k":[0,0],"ix":2},"a":{"a":0,"k":[0,0],"ix":1},"s":{"a":0,"k":[100,100],"ix":3},"r":{"a":0,"k":0,"ix":6},"o":{"a":0,"k":100,"ix":7},"sk":{"a":0,"k":0,"ix":4},"sa":{"a":0,"k":0,"ix":5},"nm":"Transform"}],"nm":"Group 1","np":3,"cix":2,"bm":0,"ix":1,"mn":"ADBE Vector Group","hd":false}],"ip":0,"op":600,"st":0,"bm":0}],"markers":[]}