{"v":"5.5.7","meta":{"g":"LottieFiles AE 0.1.21","a":"","k":"","d":"","tc":""},"fr":29.9700012207031,"ip":0,"op":27.0000010997325,"w":250,"h":250,"nm":"Delete","ddd":0,"assets":[],"layers":[{"ddd":0,"ind":1,"ty":4,"nm":"Top Outlines","parent":4,"sr":1,"ks":{"o":{"a":0,"k":100,"ix":11},"r":{"a":1,"k":[{"i":{"x":[0.667],"y":[1]},"o":{"x":[0.333],"y":[0]},"t":6,"s":[0]},{"i":{"x":[0.667],"y":[1]},"o":{"x":[0.333],"y":[0]},"t":11,"s":[-12]},{"i":{"x":[0.667],"y":[1]},"o":{"x":[0.333],"y":[0]},"t":16,"s":[4]},{"i":{"x":[0.667],"y":[1]},"o":{"x":[0.333],"y":[0]},"t":19,"s":[-3]},{"t":21.0000008553475,"s":[0]}],"ix":10},"p":{"a":0,"k":[-1649.989,-1400.735,0],"ix":2},"a":{"a":0,"k":[3.248,41.89,0],"ix":1},"s":{"a":0,"k":[1176.471,1176.471,100],"ix":6}},"ao":0,"shapes":[{"ty":"gr","it":[{"ind":0,"ty":"sh","ix":1,"ks":{"a":0,"k":{"i":[[0,0],[1.228,6.127],[0,0],[4.615,-0.002],[0,0],[1.197,-4.471],[0,0],[6.249,-0.003]],"o":[[-6.249,-0.003],[0,0],[-1.192,-4.457],[0,0],[-4.63,-0.02],[0,0],[-1.229,6.127],[0,0]],"v":[[41.488,13.898],[28.631,3.357],[26.696,-6.323],[16.849,-13.878],[-16.809,-13.878],[-26.697,-6.323],[-28.631,3.357],[-41.488,13.898]],"c":false},"ix":2},"nm":"Path 1","mn":"ADBE Vector Shape - Group","hd":false},{"ty":"st","c":{"a":0,"k":[0,0,0,1],"ix":3},"o":{"a":0,"k":100,"ix":4},"w":{"a":0,"k":6.497,"ix":5},"lc":2,"lj":2,"bm":0,"nm":"Stroke 1","mn":"ADBE Vector Graphic - Stroke","hd":false},{"ty":"tr","p":{"a":0,"k":[70.753,30.14],"ix":2},"a":{"a":0,"k":[0,0],"ix":1},"s":{"a":0,"k":[100,100],"ix":3},"r":{"a":0,"k":0,"ix":6},"o":{"a":0,"k":100,"ix":7},"sk":{"a":0,"k":0,"ix":4},"sa":{"a":0,"k":0,"ix":5},"nm":"Transform"}],"nm":"Group 1","np":2,"cix":2,"bm":0,"ix":1,"mn":"ADBE Vector Group","hd":false},{"ty":"gr","it":[{"ind":0,"ty":"sh","ix":1,"ks":{"a":0,"k":{"i":[[0,0],[0,0]],"o":[[0,0],[0,0]],"v":[[138.248,44.037],[3.248,44.037]],"c":false},"ix":2},"nm":"Path 1","mn":"ADBE Vector Shape - Group","hd":false},{"ty":"st","c":{"a":0,"k":[0,0,0,1],"ix":3},"o":{"a":0,"k":100,"ix":4},"w":{"a":0,"k":6.497,"ix":5},"lc":2,"lj":2,"bm":0,"nm":"Stroke 1","mn":"ADBE Vector Graphic - Stroke","hd":false},{"ty":"tr","p":{"a":0,"k":[0,0],"ix":2},"a":{"a":0,"k":[0,0],"ix":1},"s":{"a":0,"k":[100,100],"ix":3},"r":{"a":0,"k":0,"ix":6},"o":{"a":0,"k":100,"ix":7},"sk":{"a":0,"k":0,"ix":4},"sa":{"a":0,"k":0,"ix":5},"nm":"Transform"}],"nm":"Group 2","np":2,"cix":2,"bm":0,"ix":2,"mn":"ADBE Vector Group","hd":false}],"ip":0,"op":899.000036617021,"st":0,"bm":0},{"ddd":0,"ind":2,"ty":4,"nm":"Accents Outlines","parent":4,"sr":1,"ks":{"o":{"a":0,"k":100,"ix":11},"r":{"a":0,"k":0,"ix":10},"p":{"a":1,"k":[{"i":{"x":0.667,"y":1},"o":{"x":0.333,"y":0},"t":6,"s":[-855.871,-672.992,0],"to":[0,-15.686,0],"ti":[0,0,0]},{"i":{"x":0.667,"y":1},"o":{"x":0.333,"y":0},"t":11,"s":[-855.871,-767.11,0],"to":[0,0,0],"ti":[0,-15.686,0]},{"t":16.0000006516934,"s":[-855.871,-672.992,0]}],"ix":2},"a":{"a":0,"k":[25.861,33.901,0],"ix":1},"s":{"a":0,"k":[1176.471,1176.471,100],"ix":6}},"ao":0,"shapes":[{"ty":"gr","it":[{"ind":0,"ty":"sh","ix":1,"ks":{"a":1,"k":[{"i":{"x":0.667,"y":1},"o":{"x":0.333,"y":0},"t":6,"s":[{"i":[[0,0],[0,0]],"o":[[0,0],[0,0]],"v":[[-2.717,30.652],[2.717,-30.652]],"c":false}]},{"i":{"x":0.667,"y":1},"o":{"x":0.333,"y":0},"t":11,"s":[{"i":[[0,0],[0,0]],"o":[[0,0],[0,0]],"v":[[-3.217,30.652],[2.217,-30.652]],"c":false}]},{"t":16.0000006516934,"s":[{"i":[[0,0],[0,0]],"o":[[0,0],[0,0]],"v":[[-2.717,30.652],[2.717,-30.652]],"c":false}]}],"ix":2},"nm":"Path 1","mn":"ADBE Vector Shape - Group","hd":false},{"ty":"st","c":{"a":0,"k":[0,0,0,1],"ix":3},"o":{"a":0,"k":100,"ix":4},"w":{"a":0,"k":6.497,"ix":5},"lc":2,"lj":2,"bm":0,"nm":"Stroke 1","mn":"ADBE Vector Graphic - Stroke","hd":false},{"ty":"tr","p":{"a":0,"k":[45.757,33.901],"ix":2},"a":{"a":0,"k":[0,0],"ix":1},"s":{"a":0,"k":[100,100],"ix":3},"r":{"a":0,"k":0,"ix":6},"o":{"a":0,"k":100,"ix":7},"sk":{"a":0,"k":0,"ix":4},"sa":{"a":0,"k":0,"ix":5},"nm":"Transform"}],"nm":"Group 1","np":2,"cix":2,"bm":0,"ix":1,"mn":"ADBE Vector Group","hd":false},{"ty":"gr","it":[{"ind":0,"ty":"sh","ix":1,"ks":{"a":1,"k":[{"i":{"x":0.667,"y":1},"o":{"x":0.333,"y":0},"t":6,"s":[{"i":[[0,0],[0,0]],"o":[[0,0],[0,0]],"v":[[2.717,30.652],[-2.717,-30.652]],"c":false}]},{"i":{"x":0.667,"y":1},"o":{"x":0.333,"y":0},"t":11,"s":[{"i":[[0,0],[0,0]],"o":[[0,0],[0,0]],"v":[[3.217,30.652],[-2.217,-30.652]],"c":false}]},{"t":16.0000006516934,"s":[{"i":[[0,0],[0,0]],"o":[[0,0],[0,0]],"v":[[2.717,30.652],[-2.717,-30.652]],"c":false}]}],"ix":2},"nm":"Path 1","mn":"ADBE Vector Shape - Group","hd":false},{"ty":"st","c":{"a":0,"k":[0,0,0,1],"ix":3},"o":{"a":0,"k":100,"ix":4},"w":{"a":0,"k":6.497,"ix":5},"lc":2,"lj":2,"bm":0,"nm":"Stroke 1","mn":"ADBE Vector Graphic - Stroke","hd":false},{"ty":"tr","p":{"a":0,"k":[5.965,33.901],"ix":2},"a":{"a":0,"k":[0,0],"ix":1},"s":{"a":0,"k":[100,100],"ix":3},"r":{"a":0,"k":0,"ix":6},"o":{"a":0,"k":100,"ix":7},"sk":{"a":0,"k":0,"ix":4},"sa":{"a":0,"k":0,"ix":5},"nm":"Transform"}],"nm":"Group 2","np":2,"cix":2,"bm":0,"ix":2,"mn":"ADBE Vector Group","hd":false}],"ip":0,"op":899.000036617021,"st":0,"bm":0},{"ddd":0,"ind":3,"ty":4,"nm":"Bottom Outlines","parent":4,"sr":1,"ks":{"o":{"a":0,"k":100,"ix":11},"r":{"a":0,"k":0,"ix":10},"p":{"a":0,"k":[-855.841,-572.342,0],"ix":2},"a":{"a":0,"k":[72.729,63.195,0],"ix":1},"s":{"a":0,"k":[1176.471,1176.471,100],"ix":6}},"ao":0,"shapes":[{"ty":"gr","it":[{"ind":0,"ty":"sh","ix":1,"ks":{"a":1,"k":[{"i":{"x":0.667,"y":1},"o":{"x":0.167,"y":0},"t":6,"s":[{"i":[[0,0],[-2.523,-22.784],[-0.001,-0.066],[-9.728,0.332],[-20.769,0.374],[-0.159,-0.005],[-0.268,9.836],[0,0]],"o":[[0,0],[0.002,0.066],[0.333,9.728],[20.762,0.438],[0.161,0.009],[9.836,0.266],[2.507,-22.585],[0,0]],"v":[[-56.487,-46.953],[-49.664,29.304],[-49.659,29.502],[-31.442,46.515],[30.883,46.555],[31.363,46.575],[49.656,29.249],[56.486,-46.953]],"c":false}]},{"i":{"x":0.667,"y":1},"o":{"x":0.333,"y":0},"t":11,"s":[{"i":[[0,0],[-2.523,-22.784],[-0.001,-0.066],[-9.728,0.332],[-20.769,0.374],[-0.159,-0.005],[-0.268,9.836],[0,0]],"o":[[0,0],[0.002,0.066],[0.333,9.728],[20.762,0.438],[0.161,0.009],[9.836,0.266],[2.507,-22.585],[0,0]],"v":[[-54.862,-46.953],[-48.039,29.304],[-48.034,29.502],[-29.817,46.515],[30.883,46.555],[30.363,46.575],[48.656,29.249],[55.486,-46.953]],"c":false}]},{"i":{"x":0.667,"y":1},"o":{"x":0.333,"y":0},"t":16,"s":[{"i":[[0,0],[-2.523,-22.784],[-0.001,-0.066],[-9.728,0.332],[-20.769,0.374],[-0.159,-0.005],[-0.268,9.836],[0,0]],"o":[[0,0],[0.002,0.066],[0.333,9.728],[20.762,0.438],[0.161,0.009],[9.836,0.266],[2.507,-22.585],[0,0]],"v":[[-56.487,-39.453],[-49.664,29.304],[-49.659,29.502],[-31.442,46.515],[30.883,46.555],[31.363,46.575],[49.656,29.249],[56.486,-39.453]],"c":false}]},{"i":{"x":0.667,"y":1},"o":{"x":0.333,"y":0},"t":19,"s":[{"i":[[0,0],[-2.523,-22.784],[-0.001,-0.066],[-9.728,0.332],[-20.769,0.374],[-0.159,-0.005],[-0.268,9.836],[0,0]],"o":[[0,0],[0.002,0.066],[0.333,9.728],[20.762,0.438],[0.161,0.009],[9.836,0.266],[2.507,-22.585],[0,0]],"v":[[-56.487,-50.953],[-49.664,29.304],[-49.659,29.502],[-31.442,46.515],[30.883,46.555],[31.363,46.575],[49.656,29.249],[56.486,-50.953]],"c":false}]},{"t":21.0000008553475,"s":[{"i":[[0,0],[-2.523,-22.784],[-0.001,-0.066],[-9.728,0.332],[-20.769,0.374],[-0.159,-0.005],[-0.268,9.836],[0,0]],"o":[[0,0],[0.002,0.066],[0.333,9.728],[20.762,0.438],[0.161,0.009],[9.836,0.266],[2.507,-22.585],[0,0]],"v":[[-56.487,-46.953],[-49.664,29.304],[-49.659,29.502],[-31.442,46.515],[30.883,46.555],[31.363,46.575],[49.656,29.249],[56.486,-46.953]],"c":false}]}],"ix":2},"nm":"Path 1","mn":"ADBE Vector Shape - Group","hd":false},{"ty":"st","c":{"a":0,"k":[0,0,0,1],"ix":3},"o":{"a":0,"k":100,"ix":4},"w":{"a":0,"k":6.497,"ix":5},"lc":2,"lj":2,"bm":0,"nm":"Stroke 1","mn":"ADBE Vector Graphic - Stroke","hd":false},{"ty":"tr","p":{"a":0,"k":[72.729,63.195],"ix":2},"a":{"a":0,"k":[0,0],"ix":1},"s":{"a":0,"k":[100,100],"ix":3},"r":{"a":0,"k":0,"ix":6},"o":{"a":0,"k":100,"ix":7},"sk":{"a":0,"k":0,"ix":4},"sa":{"a":0,"k":0,"ix":5},"nm":"Transform"}],"nm":"Group 1","np":2,"cix":2,"bm":0,"ix":1,"mn":"ADBE Vector Group","hd":false}],"ip":0,"op":899.000036617021,"st":0,"bm":0},{"ddd":0,"ind":4,"ty":3,"nm":"Null 1","sr":1,"ks":{"o":{"a":0,"k":0,"ix":11},"r":{"a":0,"k":0,"ix":10},"p":{"a":1,"k":[{"i":{"x":0.667,"y":1},"o":{"x":0.333,"y":0},"t":6,"s":[202,202.5,0],"to":[0,-1.667,0],"ti":[0,0,0]},{"i":{"x":0.667,"y":1},"o":{"x":0.333,"y":0},"t":11,"s":[202,192.5,0],"to":[0,0,0],"ti":[0,-1.667,0]},{"t":16.0000006516934,"s":[202,202.5,0]}],"ix":2},"a":{"a":0,"k":[50,50,0],"ix":1},"s":{"a":0,"k":[8.5,8.5,100],"ix":6}},"ao":0,"ip":0,"op":899.000036617021,"st":0,"bm":0}],"markers":[]}